ABACK, ABASE, ABASH, ABATE, ABBES, ABBEY, ABBOT, ABEAM, ABETS, ABHOR, ABIDE, ABLED, ABLER, ABLES, ABODE, ABOIL, ABORT, ABOUT, ABOVE, ABUSE, ABUTS, ABUZZ, ABYSM, ABYSS, ACERB, ACHED, ACHES, ACHOO, ACIDS, ACIDY, ACING, ACNED, ACNES, ACORN, ACRED, ACRES, ACRID, ACTED, ACTIN, ACTOR, ACUTE, ADAGE, ADAPT, ADDED, ADDER, ADDLE, ADEPT, ADIEU, ADIOS, ADITS, ADMAN, ADMEN, ADMIN, ADMIT, ADOBE, ADOPT, ADORE, ADORN, ADOZE, ADULT, AEGIS, AEONS, AERIE, AFFIX, AFIRE, AFOOT, AFORE, AFOUL, AFRIT, AFTER, AGAIN, AGAPE, AGATE, AGAVE, AGENT, AGERS, AGGRO, AGILE, AGING, AGIST, AGLEE, AGLOW, AGONE, AGONY, AGORA, AGREE, AHEAD, AHOLD, AIDED, AIDER, AIDES, AILED, AIMED, AIMER, AINUS, AIOLI, AIRED, AIRER, AISLE, AITCH, ALACK, ALAMO, ALARM, ALATE, ALBUM, ALDER, ALERT, ALGAE, ALGAS, ALIAS, ALIBI, ALIEN, ALIGN, ALIKE, ALINE, ALIVE, ALLAY, ALLEY, ALLOT, ALLOW, ALLOY, ALOES, ALOFT, ALONE, ALONG, ALOOF, ALOUD, ALPHA, ALTAR, ALTER, ALTHO, ALWAY, AMASS, AMAZE, AMBER, AMBLE, AMEND, AMENS, AMICE, AMICI, AMIDE, AMIDS, AMIES, AMIGO, AMINE, AMINO, AMISH, AMISS, AMITY, AMONG, AMOUR, AMPED, AMPLE, AMPLY, AMUCK, AMUSE, ANGEL, ANGER, ANGLE, ANGLO, ANGRY, ANGST, ANIMA, ANIMO, ANION, ANISE, ANKLE, ANNAL, ANNEX, ANNOY, ANNUL, ANNUM, ANODE, ANOLE, ANOMY, ANTED, ANTES, ANTIC, ANTIS, ANTRA, ANTRE, ANTSY, ANVIL, AORTA, APACE, APART, APEAK, APEEK, APERS, APERY, APHID, APHIS, APIAN, APING, APISH, APNEA, APPAL, APPLE, APPLY, APRON, APTER, APTLY, ARBOR, ARCED, ARDOR, AREAS, ARENA, ARGLE, ARGON, ARGUE, ARIAS, ARIEL, ARISE, ARMED, ARMER, ARMOR, AROMA, AROSE, ARRAY, ARROW, ARSON, ARTSY, ASCOT, ASHED, ASHEN, ASHES, ASIDE, ASKED, ASKER, ASKEW, ASPEN, ASPER, ASPIC, ASSAY, ASSET, ASTER, ASTIR, ASYNC, ATILT, ATLAS, ATMAN, ATOLL, ATOMS, ATOMY, ATONE, ATRIA, ATRIP, ATTAR, ATTIC, AUDIO, AUDIT, AUGER, AUGHT, AUGUR, AUNTS, AUNTY, AURAL, AURAS, AURIC, AURUM, AUTOS, AUXIN, AVAIL, AVAST, AVERS, AVERT, AVIAN, AVION, AVISO, AVOID, AVOWS, AWAIT, AWARD, AWARE, AWASH, AWAYS, AWFUL, AWING, AWNED, AWOKE, AXELS, AXIAL, AXING, AXIOM, AXLED, AXLES, AXMAN, AXMEN, AXONS, AZURE,

BABEL, BABES, BABKA, BABOO, BACKS, BACON, BADGE, BADLY, BAGEL, BAGGY, BAILS, BAIRN, BAITS, BAIZE, BAKED, BAKER, BAKES, BALDS, BALED, BALER, BALES, BALKS, BALKY, BALLS, BALLY, BALMS, BALMY, BALSA, BANAL, BANCO, BANDS, BANDY, BANED, BANES, BANGS, BANJO, BANKS, BARBS, BARDS, BARED, BARER, BARES, BARFS, BARGE, BARIC, BARKS, BARKY, BARMY, BARNS, BARNY, BARON, BASAL, BASED, BASER, BASES, BASIC, BASIL, BASIN, BASIS, BASKS, BASSY, BASTE, BASTS, BATCH, BATED, BATES, BATHE, BATHS, BATON, BATTY, BAUDS, BAULK, BAWDY, BAWLS, BAYED, BAYOU, BEACH, BEADS, BEADS, BEAKS, BEAKY, BEAMS, BEAMY, BEANO, BEANS, BEARD, BEARS, BEAST, BEATS, BEAUS, BEAUT, BECKS, BEDEW, BEDIM, BEECH, BEEFS, BEEFY, BEEPS, BEERS, BEERY, BEETS, BEFIT, BEFOG, BEGAN, BEGAT, BEGIN, BEGOT, BEGUN, BEIGE, BEIGY, BEING, BELAY, BELCH, BELIE, BELLE, BELLS, BELLY, BELOW, BELTS, BENCH, BENDS, BENDY, BENTS, BERET, BERGS, BERRY, BERTH, BERYL, BESET, BESOM, BESOT, BESTS, BETAS, BETEL, BETTA, BEVEL, BEWIG, BEZEL, BIBLE, BIDED, BIDER, BIDES, BIDET, BIERS, BIGLY, BIGOT, BIJOU, BIKED, BIKER, BIKES, BILBO, BILES, BILGE, BILGY, BILLS, BILLY, BINAL, BINDS, BINGE, BINGO, BIOME, BIOTA, BIPED, BIPOD, BIRCH, BIRDS, BIRDY, BIRTH, BISON, BITER, BITES, BITSY, BLABS, BLACK, BLADE, BLAIN, BLAME, BLANC, BLAND, BLANK, BLARE, BLASE, BLAST, BLATS, BLAZE, BLEAK, BLEAR, BLEAT, BLEED, BLEEP, BLEND, BLESS, BLEST, BLIMP, BLIND, BLING, BLINK, BLIPS, BLISS, BLITZ, BLOAT, BLOBS, BLOCK, BLOGS, BLOKE, BLOND, BLOOD, BLOOM, BLOOP, BLOTS, BLOWN, BLOWS, BLOWY, BLUED, BLUER, BLUES, BLUET, BLUFF, BLUNT, BLURB,  BLURS, BLURT, BLUSH, BOARD, BOARS, BOAST, BOATS, BOBBY, BODED, BODES, BOGEY, BOGIE, BOGLE, BOGUS, BOILS, BOING, BOISE, BOLES, BOLTS, BOLUS, BOMBE, BOMBS, BONDS, BONES, BONEY, BONGO, BONGS, BONUS, BOOED, BOOKS, BOOMS, BOOMY, BOONS, BOORS, BOOST, BOOTH, BOOTS, BOOTY, BOOZE, BOOZY, BORAX, BORED, BORES, BORIC, BORNE, BORON, BOSOM, BOSON, BOSSY, BOSUN, BOTCH, BOUGH, BOUND, BOUTS, BOWED, BOWEL, BOWER, BOWIE, BOWLS, BOXED, BOXER, BOXES, BRACE, BRACT, BRAGS, BRAID, BRAIL, BRAIN, BRAKE, BRAND, BRANS, BRASH, BRASS, BRATS, BRAVE, BRAVO, BRAWL, BRAWN, BRAYS, BRAZE, BREAD, BREAK, BREAM, BREED, BREVE, BREWS, BRIAR, BRIBE, BRICK, BRIDE, BRIEF, BRIER, BRIES, BRIGS, BRILL, BRIMS, BRINE, BRING, BRINK, BRINY, BRISK, BROAD, BROCK, BROIL, BROKE, BRONC, BROOD, BROOK, BROOM, BROTH, BROWN, BROWS, BRUIN, BRUIT, BRUNT, BRUSH, BRUSK, BRUTE, BUCKO, BUCKS, BUDDY, BUDGE, BUFFS, BUFFY, BUGGY, BUGLE, BUILD, BUILT, BULBS, BULGE, BULGY, BULKS, BULKY, BULLS, BULLY, BUMPS, BUMPY, BUNCH, BUNCO, BUNDS, BUNGS, BUNKO, BUNKS, BUNNY, BUNTS, BUOYS, BURGH, BURGS, BURLY, BURNS, BURNT, BURPS, BURRO, BURRS, BURSA, BURSE, BURST, BUSED, BUSES, BUSHY, BUSTS, BUSTY, BUTTE, BUTTS, BUTYL, BUYER, BYLAW, BYRES, BYTES, BYWAY,

CABAL, CABBY, CABER, CABIN, CABLE, CABOB, CABOT, CACAO, CACHE, CACTI, CADDY, CADET, CADGE, CADRE, CAFES, CAGED, CAGER, CAGES, CAGEY, CAJON, CAKED, CAKES, CAKEY, CALFS, CALKS, CALLS, CALMS, CALVE, CALYX, CAMEL, CAMEO, CAMPO, CAMPS, CAMPY, CANAL, CANDY, CANED, CANER, CANES, CANNY, CANOE, CANON, CANST, CANTS, CANTY, CAPED, CAPER, CAPES, CAPON, CAPPY, CAPUT, CARAT, CARBO, CARDS, CARED, CARER, CARES, CARET, CARGO, CARBO, CAROL, CARPE, CARPI, CARPS, CARRY, CARTE, CARTS, CARVE, CASED, CASES, CASKS, CASTE, CASTS, CATCH, CATER, CATTY, CAULK, CAULS, CAUSE, CAVED, CAVER, CAVES, CAWED, CEASE, CECAL, CEDAR, CEDED, CEDER, CEDES, CELLI, CELLO, CELLS, CELTS, CENTS, CHAFE, CHAIN, CHAIR, CHALK, CHAMP, CHANG, CHANT, CHAOS, CHAPS, CHARD, CHARE, CHARM, CHARS, CHART, CHARY, CHASE, CHASM, CHATS, CHEAP, CHEAT, CHECK, CHEEK, CHEEP, CHEER, CHEFS, CHESS, CHEST, CHEWS, CHEWY, CHICO, CHIDE, CHIEF, CHILD, CHILE, CHILI, CHILL, CHIME, CHINA, CHINE, CHINO, CHINS, CHIPS, CHIRK, CHIRP, CHITS, CHIVE, CHOCK, CHOIR, CHOKE, CHOKY, CHOMP, CHOPS, CHORD, CHORE, CHOSE, CHOWS, CHUBS, CHUGS, CHUMS, CHUNK, CHURN, CHUTE, CIDER, CIGAR, CILIA, CINCH, CIRCA, CITED, CITER, CITES, CIVET, CIVIL, CLACK, CLADS, CLAGS, CLAIM, CLAIR, CLAMP, CLAMS, CLANG, CLANK, CLANS, CLAPS, CLARK, CLASH, CLASP, CLASS, CLEAVE, CLAWS, CLAYS, CLEAN, CLEAR, CLEAT, CLEFS, CLEFT, CLERK, CLICK, CLIFF, CLIMB, CLIME, CLINE, CLING, CLINK, CLIPS, CLOAK, CLOCK, CLODS, CLOGS, CLOMP, CLONE, CLONK, CLOPS, CLOSE, CLOTH, CLOTS, CLOUD, CLOUT, CLOVE, CLOYS, CLUBS, CLUED, CLUES, CLUMP, CLUNG, CLUNK, COACH, COACT, COALS, COAST, COATI, COATS, COBRA, COCKY, COCOA, CODEC, CODED, CODER, CODES, CODEX, COHOS, COIGN, COILS, COINS, COIRS, COKED, COKES, COLAS, COLDS, COLES, COLIC, COLIN, COLLY, COLON, COLOR, COLTS, COMAS, COMBE, COMBO, COMBS, COMER, COMES, COMET, COMFY, COMIC, COMMA, COMMO, COMPS, CONDO, CONED, CONES, CONEY, CONGA, CONGO, CONIC, CONKS, CONKY, COOED, COOEE, COOER, COOEY, COOKS, COOLS, COOLY, COOMB, COOPS, COOPT, COOTS, COPAL, COPED, COPER, COPES, COPRA, COPSE, CORAL, CORDS, CORED, CORER, CORES, CORGI, CORKS, CORKY, CORNS, CORNY, COSET, COSEY, COSIE, COSMO, COSTS, COTAN, COTED, COTES, COUCH, COUGH, COULD, COUNT, COUPE, COUPS, COURT, COURT, COVED, COVEN, COVER, COVES, COVET, COVEY, COWED, COWER, COWLS, COYER, CRAAL, CRABS, CRACK, CRAFT, CRAGS, CRAMP, CRAMS, CRANE, CRANK, CRAPE, CRAPS, CRASH, CRASS, CRATE, CRAVE, CRAWL, CRAWS, CRAZE, CREAK, CREAM, CREDO, CREED, CREEK, CREEL, CREEP, CREME, CREPE, CREPT, CRESS, CREST, CREWS, CRIBS, CRICK, CRIED, CRIER, CRIES, CRIME, CRIMP, CRISP, CROAK, CROCK, CROFT, CRONE, CRONY, CROOK, CROON, CROPS, CROSS, CROUP, CROWD, CROWN, CROWS, CRUDE, CRUDS, CRUEL, CRUET, CRUMB, CRUMP, CRUSE, CRUSH, CRUST, CRYPT, CUBBY, CUBED, CUBER, CUBES, CUBIC, CUDDY, CUFFS, CUING, CULLS, CULTS, CUMIN, CUPID, CURBS, CURDS, CURDY, CURED, CURER, CURES, CURIA, CURIE, CURIO, CURLS, CURLY, CURRY, CURSE, CURST, CURVE, CUSHY, CUSPS, CUTER, CUTES, CUTEY, CUTIE, CYANS, CYBER, CYCLE, CYNIC, CYSTS, CZARS,

DACES, DADAS, DADDY, DAILY, DAIRY, DAISY, DALES, DALLY, DAMES, DAMPS, DANCE, DANDY, DANES, DANGS, DARED, DARER, DARES, DARKS, DARNS, DARTS, DATED, DATER, DATES, DATUM, DAUBS, DAUBY, DAUNT, DAWNS, DAZED, DAZES, DEADS, DEAIR, DEALS, DEALT, DEANS, DEARS, DEARY, DEATH, DEBAR, DEBIT, DEBTS, DEBUG, DEBUT, DECAL, DECAY, DECKS, DÉCOR, DECOY, DECRY, DEEDS, DEEDY, DEEMS, DEEPS, DEERS, DEFAT, DEFER, DEFOG, DEICE, DEIFY, DEIGN, DEISM, DEIST, DEITY, DELAY, DELIS, DELLS, DELTA, DELVE, DEMIT, DEMOB, DEMON, DEMOS, DEMUR, DENIM, DENSE, DENTS, DEPOT, DEPTH, DERAY, DERBY, DERMA, DERMS, DESEX, DESKS, DETER, DEUCE, DEVAS, DEVIL, DEVON, DEWAX, DEWED, DIALS, DIARY, DICED, DICER, DICES, DICEY, DICTA, DIETS, DIGIT, DIKER, DILLS, DILLY, DIMER, DIMES, DIMLY, DINAR, DINED, DINER, DINES, DINGO, DINGS, DINGY, DINKY, DINTS, DIODE, DIRER, DIRGE, DIRKS, DIRTS, DIRTY, DISCO, DISCS, DISHY, DISKS, DITCH, DITTO, DIVAN, DIVAS, DIVED, DIVER, DIVES, DIVOT, DIXIE, DIZZY, DOCKS, DODGE, DODGY, DODOS, DOERS, DOEST, DOETH, DOFFS, DOGES, DOGEY, DOGGO, DOGGY, DOGIE, DOGMA, DOILY, DOING, DOLCE, DOLCI, DOLED, DOLES, DOLLS, DOLLY, DOLTS, DOMED, DOMES, DONGS, DONOR, DONUT, DOOMS, DOORS, DOPED, DOPER, DOPES, DOPEY, DORMS, DORSA, DOSED, DOSER, DOSES, DOTED, DOTER, DOTES, DOUBT, DOUGH, DOUSE, DOVER, DOVES, DOWDY, DOWEL, DOWER, DOWNS, DOWRY, DOWSE, DOXIE, DOZED, DOZEN, DOZER, DOZES, DRABS, DRAFT, DRAGS, DRAIN, DRAKE, DRAMA, DRAMS, DRANK, DRAPE, DRATS, DRAWL, DRAWN, DRAWS, DRAYS, DREAD, DREAM, DREAR, DREGS, DRESS, DRIBS, DRIED, DRIER, DRIES, DRIFT, DRILL, DRILY, DRINK, DRIPS, DRIVE, DROLL, DRONE, DROOL, DROOP, DROPS, DROSS, DROVE, DROWN, DRUGS, DRUID, DRUMS, DRUNK, DRYER, DUALS, DUCAL, DUCAT, DUCES, DUCKS, DUCTS, DUDES, DUELS, DUETS, DUFFS, DUKED, DUKES, DULLS, DULLY, DUMPS, DUMPY, DUNCE, DUNES, DUNKS, DUPED, DUPER, DUPES, DUSKY, DUSTS, DUSTY, DUTCH, DUVET, DWARF, DWELL, DWELT, DYERS, DYING,

EAGER, EAGLE, EARED, EARLS, EARLY, EARNS, EARTH, EASED, EASEL, EASER, EASES, EASTS, EATEN, EATER, EAVED, EAVES, EBBED, EBONS, EBONY, ECLAT, EDEMA, EDGED, EDGER, EDGES, EDICT, EDIFY, EDITS, EDUCE, EDUCT, EERIE, EGGED, EGGER, EGRET, EIDER, EIGHT, EJECT, EKING, ELAND, ELATE, ELBOW, ELDER, ELECT, ELEGY, ELFIN, ELITE, ELOPE, ELUDE, EMAIL, EMBED, EMBER, EMEND, EMERY, EMIRS, EMITS, EMOTE, EMPTY, ENACT, ENATE, ENDED, ENDER, ENDOW, ENDUE, ENEMA, ENEMY, ENJOY, ENNUI, ENROL, ENSUE, ENTER, ENTRE, ENTRY, ENURE, ENVOY, EPEES, EPICS, EPOCH, EPODE, EPOXY, EPSOM, EQUAL, ERASE, ERECT, ERGOT, ERICA, ERODE, EROSE, ERRED, ERROR, ERUCT, ERUPT, ESSAY, ESTER, ESTOP, ETHEL, ETHER, ETHIC, ETHOS, ETHYL, ETUDE, EUROS, EVADE, EVENS, EVENT, EVERT, EVERY, EVICT, EVILS, EVOKE, EWERS, EXACT, EXALT, EXAMS, EXCEL, EXERT, EXILE, EXIST, EXITS, EXPEL, EXTRA, EXUDE, EXULT, EYERS, EYING, EYRIE,

FABLE, FACED, FACER, FACES, FACET, FACIA, FACTO, FACTS, FADED, FADER, FADES, FAERY, FAILS, FAINT, FAIRE, FAIRS, FAIRY, FAITH, FAKED, FAKER, FAKES, FALSE, FAMED, FAMES, FANCY, FANGS, FANNY, FARAD, FARCE, FARCY, FARED, FARER, FARES, FARMS, FARTS, FASTS, FATAL, FATED, FTES, FATLY, FATSO, FATTY, FAULT, FAUNA, FAUNS, FAUST, FAVOR, FAWNS, FAXED, FAXES, FAZED, FAZES, FEARS, FEAST, FEATS, FECAL, FEEDS, FEELS, FEIGN, FEINT, FEIST, FELLA, FELON, FELTS, FEMUR, FENCE, FENDS, FERAL, FERNS, FERNY, FERRY, FESTS, FETAL, FETAS, FETCH, FETED, FETES, FETID, FETUS, FEUDS, FEVER, FEWER, FEYER, FIATS, FIBER, FIBRE, FICUS, FIELD, FIEND, FIERY, FIFED, FIFER, FIFTH, FIFTY, FIGHT, FILCH, FILED, FILER, FILES, FILET, FILLS, FILLY, FILMS, FILMY, FILTH, FINAL, FINCH, FINDS, FINED, FINER, FINES, FIORD, FIRED, FIRER, FIRES, FIRST, FIRTH, FISHY, FISTS, FITLY, FIVER, FIXED, FIXER, FIXES, FIZZY, FJORD, FLABS, FLACK, FLAGS, FLAIL, FLAIR, FLAKE, FLAKY, FLAME, FLANK, FLANS, FLARE, FLASH, FLASK, FLATS, FLAWS, FLAWY, FLAYS, FLEAS, FLECK, FLEER, FLEES, FLEET, FLESH, FLICK, FLIED, FLIER, FLING, FLINT, FLIPS, FLIRT, FLITE, FLITS, FLOAT, FLOCK, FLOES, FLOGS, FLOOD, FLOOR, FLOPS, FLORA, FLOSS, FLOUR, FLOUT, FLOWN, FLOWS, FLOWY, FLUED, FLUES, FLUID, FLUKE, FLUKY, FLUME, FLUNG, FLUNK, FLUSH, FLUTE, FLYER, FOALS, FOAMS, FOAMY, FOCAL, FOCUS, FOGEY, FOGIE, FOILS, FOIST, FOLDS, FOLIA, FOLIC, FOLIO, FOLLY, FONDU, FONTS, FOOLS, FORAY, FORCE, FORDS, FORES, FORGE, FORGO, FORKS, FORKY, FORMS, FORTE, FORTH, FORTS, FORTY, FORUM, FOULS, FOUND, FOUNT, FOURS, FOVEA, FOWLS, FOXED, FOXES, FOYER, FRAGS, FRAIL, FRAME, FRANK, FRAUD, FRAYS, FREAK, FREED, FREER, FREES, FRESH, FRETS, FRIAR, FRIED, FRIER, FRIES, FRILL, FRISK, FRIZZ, FROCK, FROGS, FROND, FRONT, FROST, FROTH, FROWN, FROZE, FRUIT, FRUMP, FRYER, FUDGE, FUELS, FULLS, FULLY, FUMED, FUMER, FUMES, FUNDS, FUNGI, FUNKS, FUNKY, FURLS, FURRY, FURZE, FUSED, FUSEE, FUSEL, FUSES, FUSSY, FUSTY, FUTON, FUZED, FUZES, FUZZY,

GABBY, GABLE, GAFFE, GAGED, GAGER, GAGES, GAILY, GAINS, GAITS, GALES, GALLS, GALLY, GALOP, GAMED, GAMER, GAMES, GAMEY, GAMIN, GAMMA, GAMUT, GANGS, GAPED, GAPER, GAPES, GAPPY, GARBS, GARDE, GASES, GASPS, GASSY, GATED, GATES, GATOR, GAUDY, GAUGE, GAUNT, GAUZE, GAUZY, GAVEL, GAWKS, GAWKY, GAYER, GAYLY, GAZED, GAZER, GAZES, GEARS, GECKO, GEEKS, GEEKY, GELDS, GELID, GENES, GENIC, GENIE, GENII, GENOA, GENRE, GENUS, GEODE, GERMS, GERMY, GETUP, GHAST, GHOST, GHOUL, GIANT, GIDDY, GIFTS, GIGUE, GILDS, GILLY, GILTS, GIMPY, GINKS, GIPSY, GIRDS, GIRLS, GIRLY, GIRNS, GIRTH, GIRTS, GISMO, GIVEN, GIVER, GIVES, GIZMO, GLACE, GLADE, GLADY, GLAND, GLARE, GLARY, GLASS, GLAZE, GLAZY, GLEAM, GLEAN, GLEES, GLENS, GLIDE, GLIMS, GLINT, GLOAT, GLOBE, GLOBS, GLOOM, GLORY, GLOSS, GLOVE, GLOWS, GLOWY, GLUED, GLUER, GLUES, GLUEY, GLUTS, GLYPH, GNARL, GNASH, GNATS, GNAWN, GNAWS, GNOME, GOADS, GOALS, GOATS, GODLY, GOERS, GOFER, GOING, GOLEM, GOLFS, GONAD, GONER, GONGS, GOODS, GOODY, GOOEY, GOOFS, GOONS, GOOSE, GOOSY, GORED, GORES, GORGE, GORSE, GORSY, GOTHS, GOUDA, GOUGE, GOURD, GOUTS, GOUTY, GOWNS, GRABS, GRACE, GRADE, GRAFT, GRAIL, GRAIN, GRAMP, GRANS, GRAND, GRANT, GRAPE, GRAPH, GRASP, GRASS, GRATE, GRAVE, GRAVY, GRAYS, GRAZE, GREAT, GREED, GREEN, GREET, GREYS, GRIDS, GRIEF, GRIFT, GRILL, GRIME, GRIMY, GRIND, GRINS, GRIOT, GRIPE, GRIPS, GRIPY, GRIST, GRITS, GROAN, GROAT, GROIN, GROOM, GROPE, GROSS, GROUP, GROUT, GROVE, GROWL, GROWN, GROWS, GRUBS, GRUEL, GRUFF, GRUMP, GRUNT, GUANO, GUARD, GUESS, GUEST, GUIDE, GUILD, GUILE, GUILT, GUISE, GULFS, GULLS, GULLY, GULPS, GULPY, GUMBO, GUMMY, GUNKS, GUNKY, GUPPY, GUSTO, GUSTS, GUSTY, GUTSY, GUTTY, GUYED, GYRES, GYROS,

HABIT, HACKS, HAFTS, HAILS, HAIRS, HAIRY, HAKES, HALED, HALER, HALES, HALLO, HALLS, HALOS, HALTS, HALVE, HAMMY, HANDS, HANDY, HANGS, HANKS, HANKY, HAPPY, HARDS, HARDY, HARED, HAREM, HARES, HARKS, HARMS, HARPS, HARPY, HARRY, HARSH, HARTS, HASPS, HASTE, HASTY, HATCH, HATED, HATER, HATES, HAULS, HAUNT, HAUTE, HAVEN, HAVER, HAVES, HAWED, HAWKS, HAYED, HAYER, HAZED, HAZEL, HAZER, HAZES, HEADS, HEADY, HEALS, HEAPS, HEARD, HEARS, HEART, HEATH, HEATS, HEAVE, HEAVY, HECKS, HEDGE, HEEDS, HEELS, HEFTS, HEFTY, HEIGH, HEIRS, HEIST, HELIX, HELLO, HELLS, HELMS, HELOT, HELPS, HEMPS, HENCE, HERBS, HERBY, HERDS, HERES, HERON, HEROS, HERTZ, HEWED, HEWER, HEXER, HEXES, HICKS, HIDER, HIDES, HIGHS, HIKED, HIKER, HIKES, HILLS, HILLY, HILTS, HINDS, HINGE, HINTS, HIPPO, HIPPY, HIRED, HIRER, HIRES, HITCH, HIVED, HIVES, HOARD, HOARY, HOBOS, HOCKS, HOCUS, HOERS, HOISE, HOIST, HOKEY, HOLDS, HOLED, HOLDER, HOLES, HOLEY, HOLTS, HOMED, HOMER, HOMES, HOMEY, HOMOS, HONED, HONER, HONES, HONEY, HONKS, HONOR, HOOCH, HOODS, HOOEY, HOOFS, HOOKA, HOOKS, HOOKY, HOOPS, HOOTS, HOPED, HOPER, HOPES, HORDE, HORNS, HORNY, HORSE, HORSY, HOSED, HOSES, HOSTS, HOTEL, HOTLY, HOUND, HOURS, HOUSE, HOVER, HOWLS, HUFFS, HUGER, HULAS, HULKS, HULKY, HULLS, HUMAN, HUMID, HUMOR, HUMPS, HUMPY, HUNKS, HUNKY, HUNTS, HURLS, HURRY, HURTS, HUSKS, HUSKY, HUSSY, HUTCH, HYDRA, HYDRO, HYENA, HYMEN, HYMNS, HYPED, HYPER, HYPES, HYPOS, HYSON,

ICIER, ICILY, ICING, ICONS, IDEAL, IDEAS, IDIOM, IDIOT, IDLED, IDLER, IDLES, IDOLS, IDYLL, IDYLS, IGLOO, ILEAL, ILEUM, ILIAD, ILIUM, ILLER, IMAGE, IMBED, IMBUE, IMPED, IMPEL, IMPLY, INANE, INAPT, INARM, INBOX, INCOG, INCUR, INDEX, INDOW, INDUE, INEPT, INERT, INFER, INFIX, INFRA, INGLE, INGOT, INKED, INKER, INKLE, INLAY, INLET, INNED, INNER, INPUT, INSET, INTER, INTRA, INURE, IODIN, IONIC, IOTAS, IRATE, IRING, IRKED, IRONS, IRONY, ISLED, ISLES, ISLET, ISSUE, ITCHY, ITEMS, IVIED, IVIES,

JACAL, JACKS, JADED, JADES, JAGGY, JAMBS, JANES, JAPED, JAPER, JAUNT, JAWED, JEANS, JEERS, JELLY, JERKS, JESTS, JEWEL, JINGO, JIVED, JOCKS, JOEYS, JOINS, JOINT, JOIST, JOKER, JOKES, JOLLY, JOLTS, JOLTY, JOULE, JOUST, JOWLS, JOWLY, JOYED, JUDGE, JUICE, JUMPS, JUMPY, JUNKS, JUROR, JUSTS, JUTES,

KALES, KANJI, KAPUT, KARAT, KARMA, KARTS, KAYAK, KAZOO, KEBAB, KEELS, KEENS, KEEPS, KELPY, KENDO, KERBS, KERNS, KHAKI, KICKS, KIDDO, KILLS, KILNS, KILOS,  KILTS, KILTY, KINDS, KINGS, KINKS, KINKY, KITED, KITER, KITES, KNACK, KNAVE, KNEAD, KNEED, KNEEL, KNEES, KNELT, KNIFE, KNITS, KNOBS, KNOCK, KNOTS, KNOWN, KNOWS, KODAK, KOOKY, KRAAL, KRAFT, KRAUT, KRILL,

LABEL, LABOR, LACED, LACER, LACES, LACEY, LACKS, LADED, LADEN, LADER, LADES, LADLE, LAGER, LAIRD, LAIRS, LAITY, LAKED, LAKER, LAKES, LAMAS, LAMBS, LAMED, LAMER, LAMES, LAMIA, LAMPS, LANCE, LANDS, LANES, LANKY, LAPEL, LAPSE, LARCH, LARDS, LARDY, LARES, LARGE, LARKS, LARKY, LARVA, LASED, LASER, LASES, LASSO, LASTS, LATCH, LATED, LATEN, LATER, LATEX, LATHE, LATHS, LATKE, LATTE, LAUDS, LAUGH, LAVAS, LAVED, LAVER, LAVES, LAWED, LAWNS, LAWNY, LAXER, LAXLY, LAYED, LAYER, LAZED, LAZES, LEACH, LEADS, LEADY, LEAFS, LEAFY, LEAKS, LEAKY, LEANS, LEANT, LEAPS, LEAPT, LEARN, LEARY, LEASE, LEASH, LEAST, LEAVE, LEDGE, LEDGY, LEECH, LEEKS, LEERS, LEERY, LEFTS, LEFTY, LEGAL, LEGER, LEGGY, LEGIT, LEMON, LEMUR, LENDS, LENSE, LEPER, LETCH, LETHE, LETUP, LEVEE, LEVEL, LEVER, LIARS, LIBEL, LIBER, LIBRA, LIBRE, LICKS, LIDOS, LIEGE, LIERS, LIFER, LIFTS, LIGER, LIGHT, LIKED, LIKEN, LIKER, LIKES, LILAC, LILTS, LIMAS, LIMBO, LIMBS, LIMED, LIMES, LIMEY, LIMIT, LIMOS, LIMPS, LINED, LINEN, LINER, LINES, LINEY, LINGO, LINKS, LINKY, LINOS, LINTS, LINTY, LIONS, LIPID, LIPPY, LIRAS, LISPS, LISTS, LITER, LITHE, LITHO, LITRE, LIVED, LIVEN, LIVER, LIVES, LIVID, LLAMA, LOACH, LOADS, LOAFS, LOANS, LOAMY, LOANS, LOATH, LOBBY, LOBED, LOBES, LOCAL, LOCHS, LOCKS, LOCUS, LODEN, LODES, LODGE, LOFTS, LOFTY, LOGES, LOGGY, LOGIA, LOGIC, LOGIN, LOGON, LOGOS, LOINS, LOLLY, LONER, LONGS, LOOKS, LOOMS, LOONS, LOONY, LOOPS, LOOPY, LOOSE, LOOTS, LOPED, LOPER, LOPES, LOPPY, LORDS, LORES, LOSER, LOSES, LOTTO, LOTUS, LOUSE, LOUSY, LOUTS, LOVED, LOVER, LOVES, LOVEY, LOWED, LOWER, LOWLY, LOYAL, LUAUS, LUBES, LUCID, LUCKS, LUCKY, LUFFS, LUMEN, LUMPS, LUMPY, LUNAR, LUNAS, LUNCH, LINES, LUNGE, LUNGS, LUNKS, LUPIN, LUPUS, LURCH, LURED, LURER, LURES, LURID, LURKS, LUSTS, LUSTY, LUTED, LUTES, LYING, LYMPH, LYRES, LYRIC,

MACAW, MACED, MACER, MACES, MACHO, MACHS, MACKS, MACRO, MADAM, MADLY, MADRE, MAFIA, MAGES, MAGIC, MAGMA, MAGUS, MAIDS, MAILS, MAIMS, MAINS, MAIZE, MAJOR, MAKER, MAKES, MALES, MALLS, MALTS, MALTY, MAMAS, MAMBA, MAMBO, MAMMA, MANED, MANES, MANGE, MANGO, MANGY, MANIA, MANIC, MANLY, MANNA, MANOR, MANSE, MANTA, MAPLE, MARCH, MARDI, MARES, MARIA, MARKS, MARRY, MARSH, MARTS, MASER, MASHY, MASKS, MASON, MASSE, MASTS, MATCH, MATED, MATER, MATES, MATEY, MATHS, MATIN, MATTE, MAULS, MAUVE, MAVEN, MAXED, MAXIM, MAYAN, MAYBE, MAYOR, MAYST, MAZED, MAZER, MAZES, MEADS, MEALS, MEALY, MEANS, MEANT, MEANY, MEATS, MEATY, MEDAL, MEDIA, MEDIC, MEEDS, MEETS, MELDS, MELEE, MELON, MELTS, MELTY, MEMOS, MENDS, MENUS, MEOWS, MERCI, MERCY, MERER, MERGE, MERIT, MERRY, MESAS, MESHY, METAL, METED, METER, METES, METRE, METRO, MEWED, MEWLS, MIAOU, MIASM, MICAS, MICRO, MIDST, MIGHT, MIKES, MILCH, MILER, MILES, MILKS, MILLS, MIMED, MIMER, MIMES, MIMIC, MINCE, MINCY, MINDS, MINED, MINER, MINES, MINIM, MINIS, MINKS, MINOR, MINTS, MINTY, MINUS, MIRED, MIRES, MIRKS, MIRTH, MISER, MISTS, MISTY, MITER, MITES, MITRE, MITTS, MIXED, MIXER, MIXES, MOANS, MOATS, MOCHA, MOCKS, MODAL, MODEL, MODEM, MODES, MODUS, MOGUL, MOIST, MOLAR, MOLDS, MOLDY, MOLES, MOLLS, MOLTS, MONDE, MONDO, MONEY, MONKS, MONOS, MONTE, MONTH, MOOCH, MOODS, MOODY, MOOED, MOONS, MOONY, MOORS, MOOSE, MOOTS, MOPED, MOPER, MOPES, MOPEY, MORAL, MORAY, MORNS, MORON, MORPH, MORSE, MOSEY, MOSSY, MOSTS, MOTEL, MOTES, MOTHS, MOTHY, MOTIF, MOTOR, MOTTO, MOULD, MOULT, MOUND, MOUNT, MOURN, MOUSE, MOUTH, MOVED, MOVER, MOVES, MOVIE, MOWED, MOWER, MUCKS, MUCUS, MUDRA, MULED, MULES, MULEY, MULLS, MULTI, MUMBO, MUMMY,  MUNCH, MURAL, MUSED, MUSER, MUSES, MUSHY, MUSIC, MUSSY, MUSTY, MUTED, MUTER, MUTES, MUTTS, MYOPE, MYTHS,

NABOB, NACHO, NACRE, NADIR, NAILS, NAIVE, NAKED, NAMED, NAMER, NAMES, NAPES, NAPPY, NARCO, NARCS, NARKS, NASAL, NASTY, NATAL, NATTY, NAVAL, NAVEL, NAVES, NEAPS, NEARS, NECKS, NEEDS, NEEDY, NEGUS, NEIGH, NEONS, NERDS, NERDY, NERVE, NERVY, NESTS, NETTY, NEVER, NEWER, NEWLY, NEWTS, NEXUS, NICER, NICHE, NICKS, NIECE, NIGHS, NIGHT, NIHIL, NILLS, NINES, NINJA, NINTH, NIPPY, NITRO, NITTY, NIXED, NIXES, NOBBY, NOBLE, NOBLY, NOCKS, NODAL, NODES, NODUS, NOELS, NOHOW, NOIRE, NOISE, NOISY, NOMAD, NOOKS, NOONS, NOOSE, NORMS, NORTH, NOSED, NOSES, NOSEY, NOTAL, NOTCH, NOTED, NOTER, NOTES, NOUNS, NOVAE, NOVEL, NOWAY, NUBBY, NUDER, NUDES, NUDGE, NUDIE, NUKED, NUKES, NULLS, NUMBS, NURSE, NUTTY, NYMPH,

OARED, OASES, OASIS, OATEN, OATER, OATHS, OBESE, OBEYS, OBITS, OBOES, OCCUR, OCEAN, OCTAD, OCTAL, OCTET, OCULI, ODDER, ODDLY, ODEON, ODORS, ODOUR, OFFAL, OFFED, OFFER, OFTEN, OFTER, OGHAM, OGLED, OGLER, OGLES, OGRES, OILED, OILER, OKAPI, OLDEN, OLDER, OLDIE, OLIVE, OMBRE, OMEGA, OMENS, OMITS, ONION, ONSET, OOMPH, OOZES, OPALS, OPENS, OPERA, OPINE, OPTED, OPTIC, ORALS, ORATE, ORBED, ORBIT, ORCAS, ORDER, ORDOS, ORGAN, ORIEL, ORTHO, OSAGE, OSCAR, OSIER, OSMIC, OTHER, OTTER, OUGHT, OUNCE, OUSTS, OUTDO, OUTED, OUTER, OUTRE, OUZEL, OVALS, OVARY, OVATE, OVENS, OVERS, OVERT, OVINE, OVULE, OWING, OWLET, OWNED, OWNER, OXBOW, OXIDE, OZONE,

PACED, PACER, PACES, PACKS, PACTS, PADDY, PADRE, PAEAN, PAGAN, PAGED, PAGER, PAGES, PAILS, PAINS, PAINT, PAIRS, PALED, PALER, PALES, PALLS, PALMS, PALMY, PALSY, PANDA, PANED, PANEL, PANES, PANGS, PANIC, PANSY, PANTS, PANTY, PAPAL, PAPAS, PAPER, PARAS, PARCH, PARED, PARER, PARES, PARKA, PARKS, PARRY, PARSE, PARTS, PARTY, PASSE, PASTA, PASTE, PASTS, PASTY, PATCH, PATED, PATER, PATES, PATHS, PATIO, PATLY, PAUSE, PAVED, PAVER, PAVES, PAWED, PAWER, PAWNS, PAYED, PAYEE, PAYER, PEACE, PEACH, PEAKS ,PEAKY, PEALS, PEARL, PEARS, PEATS, PECAN, PECKS, PEDAL, PEEKS, PEELS, PEEPS, PEERS, PEEVE, PEGGY, PELTS, PENAL, PENCE, PENDS, PEONS, PEONY, PEPPY, PERCY, PERES, PERIL, PERKS, PERMS, PESKY, PESOS, PESTS, PETAL, PETER, PETTY, PHASE, PHONE, PHONO, PHONY, PHOTO, PIANO, PICKS, PICKY, PICOT, PIECE, PIERS, PIETY, PIGGY, PIKED, PIKER, PIKES, PILED, PILES, PILLS, PILOT, PINCH, PINED, PINES, PINGS, PINKS, PINKY, PINTA, PINTO, PINTS, PINUP, PIONS, PIOUS, PIPED, PIPER, PIPES, PIPET, PIROG, PITAS, PITCH, PIVOT, PIXEL, PIXIE, PIZZA, PLACE, LAID, PLAIN, PLAIT, PLANE, PLANK, PLANS, PLANT, PLASH, PLASM, PLATE, PLATS, PLAYS, PLEAD, PLEAS, PLEAT, PLIED, PLIER, PLIES, PLINK, PLODS, PLOPS, PLOTS, PLOWS, PLOYS, PLUCK, PLUGS, PLUMB, PLUME, PLUMP, PLUMS, PLUMY, PLUNK, PLUSH, PLYER, POACH, POCKS, POCKY, PODGY, POEMS, POESY, POETS, POINT, POISE, POKED, POKER, POKES, POKEY, POLAR, POLED, POLER, POLES, POLIO, POLKA, POLLS, POLYP, POMES, PONDS, PONES, POOCH, POOLS, POPES, PORCH, PORED, PORES, PORGY, PORKY, PORTS, POSED, POSER, POSES, POSSE, POSTS, POTSY, POTTY, POUCH, POULT, POUND, POURS, POUTS, POUTY, POWER, PRAMS, PRANK, PRATE, PRATS, PRAWN, PRAYS, PREEN, PREPS, PRESS, PREYS, PRICE, PRICY, PRIDE, PRIED, PRIER, PRIES, PRIGS, PRIMA, PRIME, PRIMO, PRIMP, PRIMS, PRINK, PRINT, PRIOR, PRISE, PRISM, PRIVY, PRIZE, PROAS, PROBE, PRODS, PROLE, PROMS, PRONE, PRONG, PROOF, PROPS, PROSE, PROSY, PROUD, PROVE, PROWL, PROXY, PRUDE, PRUNE, PRYER, PSALM, PSEUD, PSYCH, PUBIC, PUBIS, PUCKS, PUDGY, PUFFS, PUFFY, PUKED, PUKES, PULED, PULER, PULES, PULLS, PULPS, PULPY, PULSE, PUMAS, PUMPS, PUNCH, PUNKS, PUNTS, PUNTY, PUPAE, PUPAL PUPIL, PUREE, PURER, PURGE, PURLS, PURRS, PURSE, PUSHY, PUTTS, PUTTY, PYLON, PYRES,

QUACK, QUADS, QUAFF, QUAIL, QUAKE, QUAKY, QUALE, QUALM, QUARK, QUART, QUASH, QUASI, QUAYS, QUEEN, QUEER, QUERY, QUEST, QUEYS, QUICK, QUIET, QUILT, QUIPS, QUIRE, QUIRK, QUIRT, QUITE, QUITS, QUOTA, QUOTE,

RABBI, RABID, RACED, RACER, RACES, RACKS, RADAR, RADII, RADIO, RADON, RAFTS, RAGED, RAGES, RAGGY, RAIDS, RAILS, RAINS, RAINY, RAISE, RAKED, RAKER, RAKES, RALES, RALLY, RAMEN, RAMPS, RANCH, RANDS, RANDY, RANGE, RANGY, RANKS, RANTS, RAPID, RARER, RASED, RASER, RASES, RASPS, RASPY, RATED, RATER, RATES, RATIO, RATTY, RAVED, RAVEL, RAVEN, RAVER, RAVES, RAWER, RAWLY, RAYED, RAYON, RAZED, RAZER, RAZES, RAZOR, REACH, REACT, READD, READS, READY, REALM, REALS, REAMS, REAPS, REARM, REARS, REAVE, REBEL, REBID, REBUT, RECAP, RECKS, RECON, RECUR, RECUT, REDID, REDIP, REDLY, REDRY, REDUX, REDYE, REEDS, REEDY, REEFS, REEFY, REEKS, REEKY, REELS, REEVE, REFED, REFER, REFIT, REFIX, REFLY, REFRY, REGAL, REIGN, REINS, RELAX, RELAY, RELET, RELIC, RELIT, REMAN, REMAP, REMET, REMIT, REMIX, RENAL, RENDS, RENEW, RENIG, RENTS, REOIL, REPAY, REPEL, REPIN, REPLY, REPRO, RERAN, RERUN, RESAW, RESAY, RESEE, RESET, RESEW, RESIN, RESOW, RESTS, RETCH, RETIE, RETRO, RETRY, REUSE, REVEL, REVUE, REWAX, REWIN, REWON, RHEUM, RHINO, RHOMB, RHYME, RICED, RICER, RICES, RICKS, RIDER, RIDES, RIDGE, RIDGY, RIFER, RIFFS, RIFLE, RIFTS, RIGHT, RIGID, RIGOR, RILED, RILES, RILLS, RIMED, RIMES, RINDS, RINGS, RINKS, RINSE, RIOTS, RIPEN, RIPER, RIPES, RISEN, RISER, RISES, RISKS, RISKY, RITES, RIVAL, RIVED, RIVEN, RIVER, RIVES, RIVET, ROACH, ROADS, ROAMS, ROANS, ROARS, ROAST, ROBED, ROBES, ROBIN, ROBLE, ROBOT, ROCKS, ROCKY, RODEO, ROGER, ROGUE, ROLES, ROLLS, ROMAN, ROMEO, ROMPS, ROOFS, ROOKS, ROOMS, ROOMY, ROOST, ROOTS, ROOTY, ROPED, ROPER, ROPES, ROSED, ROSES, ROTES, ROTOR, ROUES, ROUGE, ROUGH, ROUND, ROUSE, ROUST, ROUTE, ROUTS, ROVED, ROVER, ROVES, ROWAN, ROWDY, ROWED, ROWEL, ROWER, ROYAL, RUBES, RUBLE, RUCKS, RUDER, RUERS, RUFFS, RUGBY, RUING, RUINS, RULED, RULER, RULES, RUMBA, RUMEN, RUMMY, RUMOR, RUMPS, RUNES, RUNGS, RUNIC, RUNNY, RUNTS, RUNTY, RUPEE, RURAL, RUSES, RUSKS, RUSTS, RUSTY, RUTTY,

SABER, SABLE, SABOT, SACKS, SADLY, SAFER, SAFES, SAGAS, SAGER, SAGES, SAGGY, SAILS, SAINT, SAKES, SALAD, SALES, SALLY, SALON, SALSA, SALTS, SALTY, SALVE, SALVO, SAMBA, SANDS, SANDY, SANED, SANER, SAPPY, SARGE, SASSY, SATED, SATES, SATIN, SATYR, SAUCE, SAUCY, SAUNA, SAUTE, SAVED, SAVER, SAVES, SAVOR, SAVOY, SAWED, SAWER, SAXON, SAYER, SCABS, SCALD, SCALE, SCALP, SCALY, SCAMP, SCAMS, SCANS, SCANT, SCAPE, SCARE, SCARF, SCARS, SCARY, SCATS, SCENE, SCENT, SCHMO, SCION, SCOFF, SCOLD, SCONE, SCOOP, SCOOT, SCOPE, SCORE, SCORN, SCOTS, SCOUR, SCOUT, SCOWL, SCRAG, SCRAM, SCRAP, SCREW, SCRUB, SCUBA, SCUFF, SCULP, SEALS, SEAMS, SEAMY, SEARS, SEATS, SECTS, SEDAN, SEDGE, SEDUM, SEEDS, SEEDY, SEEKS, SEEMS, SEEPS, SEEPY, SEERS, SEGUE, SEIGE, SEINE, SEISM, SEIZE, SELFS, SELLS, SEMIS, SENDS, SENSE, SEPAL, SEPIA, SEPTA, SERFS, SERGE, SERIF, SERUM, SERVE, SERVO, SETAL, SETUP, SEVEN, SEVER, SEWED, SEWER, SEXTO, SHACK, SHADE, SHADY, SHAFT, SHAGS, SHAKE, SHAKY, SHALE, SHALL, SHALT, SHALY, SHAME, SHAMS, SHANK, SHAPE, SHARD, SHARE, SHARK, SHARP, SHAVE, SHAWL, SHAWS, SHEAR, SHEDS, SHEEN, SHEEP, SHEER, SHEET, SHEIK, SHELF, SHELL, SHERD, SHEWN, SHEWS, SHIED, SHIER, SHIES, SHIFT, SHILL, SHILY, SHIMS, SHINE, SHINS, SHINY, SHIPS, SHIRE, SHIRK, SHIRT, SHOAL, SHOCK, SHOED, SHOER, SHOES, SHOJI, SHONE, SHOOK, SHOOS, SHOOT, SHOPS, SHORE, SHORN, SHORT, SHOTS, SHOUT, SHOVE, SHOWN, SHOWS, SHOWY, SHRED, SHREW, SHRUB, SHRUG, SHUCK, SHUNS, SHUNT, SHUSH, SHUTE, SHUTS, SHYER, SICKS, SIDED, SIDES, SIDLE, SIEGE, SIEVE, SIFTS, SIGHS, SIGHT, SIGIL, SIGMA, SIGNS, SILKS, SILKY, SILLS, SILLY, SILOS, SILTS, SILTY, SINCE, SINES, SINEW, SINGE, SINGS, SINKS, SINUS, SIPPY, SIRED, SIREE, SIREN, SIRES, SIRUP, SISSY, SITED, SITES, SITUP, SIXES, SIXTE, SIXTH, SIXTY, SIZED, SIZER, SIZES, SKALD, SKATE, SKEAN, SKEET, SKEIN, SKEWS, SKIDS, SKIED, SKIER, SKIES, SKILL, SKIMP, SKIMS, SKINK, SKINS, SKIPS, SKIRT, SKITS, SKULK, SKULL, SKUNK, SKYED, SLAGS, SLACK, SLAGS, SLAIN, SLAKE, SLAMS, SLANG, SLANT, SLAPS, SLASH, SLATE, SLATS, SLATY, SLAVE, SLAWS, SLAYS, SLEDS, SLEEK, SLEEP, SLEET, SLEPT, SLEWS, SLICE, SLICK, SLIDE, SLIER, SLIME, SLIMS, SLIMY, SLING, SLINK, SLIPS, SLIPT, SLITS, SLOBS, SLOES, SLOGS, SLOOP, SLOPE, SLOPS, SLOSH, SLOTH, SLOTS, SLOWS, SLUED, SLUES, SLUMP, SLUMS, SLUNG, SLUNK, SLURP, SLURS, SLUSH, SLYER, SMACK, SMALL, SMART, SMASH, SMEAR, SMELL, SMELT, SMILE, SMIRK, SMITE, SMITH, SMOCK, SMOKE, SMOTE, SMUTS, SNACK, SNAFU, SNAGS, SNAIL, SNAKE, SNAKY, SNAPS, SNARE, SNARK, SNARL, SNEAK, SNEER, SNIDE, SNIFF, SNIPE, SNIPS, SNITS, SNOBS, SNOOD, SNOOP, SNOOT, SNORE, SNORT, SNOTS, SNOUT, SNOWS, SNOWY, SNUBS, SNUCK, SNUFF, SOAKS, SOAPS, SOAPY, SOARS, SOBER, SOCKS, SODAS, SODDY, SOFAR, SOFAS, SOFTS, SOFTY, SOGGY, SOILS, SOLAR, SOLED, SOLES, SOLID, SOLOS, SOLVE, SONAR, SONGS, SONIC, SONNY, SOOEY, SOOTH, SOOTS, SOOTY, SOPPY, SORER, SORES, SORRY, SORTS, SOULS, SOUND, SOUPS, SOUPY, SOURS, SOUSE, SOUTH, SOWED, SOWER, SPACE, SPADE, SPAKE, SPAMS, SPANK, SPANS, SPARE, SPARK, SPARS, SPASM, SPATE, SPATS, SPAWN, SPAYS, SPEAK, SPEAR, SPECK, SPECS,  SPEED, SPELL, SPELT, SPEND, SPENT, SPEWS, SPICE, SPICY, SPIED, SPIEL, SPIER, SPIES, SPIFF, SPIKE, SPIKY, SPILL, SPILT, SPINE, SPINS, SPINY, SPIRE, SPITE, SPITS, SPLAT, SPLAY, SPLIT, SPOIL, SPOKE, SPOOK, SPOOL, SPOON, SPOOR, SPORE, SPORT, SPOTS, SPOUT, SPRAT, SPRAY, SPREE, SPRIG, SPRIT, SPUDS, SPUED, SPUES, SPUNK, SPURN, SPURS, SPURT, SQUAB, SQUAD, SQUAT, SQUAW, SQUIB, SQUID, STABS, STACK, STAFF, STAGE, STAGS, STAGY, STAID, STAIN, STAIR, STAKE, STALE, STALK, STALL, STAMP, STAND, STANK, STAPH, STARE, STARK, STARS, START, STASH, STATE, STATS, STAVE, STAYS, STEAD, STEAK, STEAL, STEAM, STEED, STEEL, STEEP, STEER, STEIN, STEMS, STENO, STENT, STEPS, STERN, STETS, STEWS, STICK, STIED, STIES, STIFF, STILE, STILL, STILT, STIMY, STING, STINK, STINT, STIRS, STOAT, STOCK, STOIC, STOKE, STOLE, STOMP, STONE, STONY, STOOD, STOOL, STOOP, STOPS, STORE, STORK, STORM, STORY, STOUT, STOVE, STOWS, STRAP, STRAW, STRAY, STREP, STREW, STRIA, STRIP, STROP, STRUM, STRUT, STUBS, STUCK, STUDS, STUDY, STUFF, STUMP, STUNG, STUNK, STUNS, STUNT, STUPE, STYED, STYES, STYLE, STYLI, SUAVE, SUCKY, SUEDE, SUERS, SUGAR, SUING, SUITE, SUITS, SULFA, SULKS, SULKY, SULLY, SUNUP, SUPER, SURER, SURFS, SURGE, SURGY, SURLY, SUSHI, SUTRA, SWABS, SWAGE, SWAIN, SWALE, SWAMP, SWANG, SWANK, SWANS, SWAPS, SWARD, SWARM, SWASH, SWATH, SWATS, SWAYS, SWEAR, SWEAT, SWEDE, SWEEP, SWEET, SWELL, SWEPT, SWIFT, SWIGS, SWILL, SWINE, SWING, SWIPE, SWIRL, SWISH, SWOON, SWOOP, SWORD, SWORE, SWORN, SYLPH, SYNCH, SYNTH, SYRUP.


TABBY, TABLE, TABOO, TACET, TACIT, TACKS, TACKY, TACOS, TACTS, TAILS, TAINT, TAKEN, TAKER, TAKES, TALCS, TALER, TALES, TALKS, TALKY, TALLY, TALON, TAMED, TAMER, TAMES, TAMPS, TANGO, TANGS, TANGY, TANKS, TAPED, TAPER, TAPES, TAPIR, TARDY, TARED, TARES, TAROS, TAROT, TARPS, TARRY, TARSI, TARTS, TASER, TASKS, TASTE, TASTY, TATAR, TATER, TAUNT, TAUPE, TAUTS, TAWNY, TAXED, TAXER, TAXES, TEACH, TEAKS, TEALS, TEAMS, TEARS, TEARY, TEASE, TEATS, TEDDY, TEEMS, TEENS, TEENY, TEETH, TELLS, TELLY, TEMPI, TEMPO, TEMPS, TEMPT, TENDS, TENET, TENOR, TENSE, TENTH, TENTS, TENTY, TEPEE, TEPID, TERMS, TERNS, TERRA, TERRY, TERSE, TESLA, TESTS, TESTY, TETRA, TEXTS, THANK, THAWS, THEIR, THEME, THENS, THERE THERM, THESE, THETA, TICK, THIEF, THIGH, THINE, THING, THINK, THINS, THIRD, THOLE, THONG, THORN, THOSE, THOUS, THREE, THREW, THROB, THROE, THROW, THRUM, THUDS, THUGS, THUMB, THUMP, THYME, TIARA, TIBIA, TICKS, TIDAL, TIDED, TIDES, TIERS, TIFFS, TIGER, TIGHT, TIKES, TIKIS, TILDE, TILED, TILER, TILES, TILLS, TILTH, TILTS, TIMED, TIMER, TIMES, TIMID, TINCT, TINED, TINES, TINGE, TINGS, TINNY, TINTS, TIPSY, TIRED, TIRES, TITAN, TITHE, TITLE, TITRE, TOADS, TOADY, TOAST, TODAY, TOFFS, TOFUS, TOGAE, TOGAS, TOILS, TOKED, TOKEN, TOKES, TOLLS, TOMBS, TOMES, TOMMY, TONAL, TONED, TONER, TONES, TONGS, TONIC, TONNE, TOOLS, TOONS, TOOTH, TOOTS, TOPAZ, TOPED, TOPER, TOPES, TOPIC, TORCH, TORCS, TORES, TOROS, TORSI, TORSO, TORTE, TORTS, TOTAL, TOTED, TOTEM, TOTER, TOTES, TOUCH, TOUGH, TOURS, TOUTS, TOWED, TOWEL, TOWER, TOXIC, TOXIN, TOYED, TOYER, TRACE, TRACK, TRACT, TRADE, TRAIL, TRAIN, TRAIT, TRAMP, TRAMS, TRAPS, TRAPT, TRASH, TRAYS, TREAD, TREAT, TREED, TREES, TREKS, TREND, TRESS, TREWS, TRIAD, TRIAL, TRIBE, TRICE, TRICK, TRIED, TRIER, TRIES, TRILL, TRIMS, TRIOS, TRIPE, TRIPS, TRITE, TRODE, TROLL, TROMP, TROOP, TROPE, TROTS, TROUT, TROVE, TRUCE, TRUCK, TRUED, TRUER, TRUES, TRULY, TRUMP, TRUNK, TRUSS, TRUST, TRUTH, TSARS, TSKED, TUBAL, TUBAS, TUBBY, TUBED, TUBER, TUBES, TUCKS, TUFFS, TUFTS, TULIP, TULLE, TUMMY, TUMOR, TUNAS, TUNED, TUNER, TUNES, TUNIC, TURBO, TURFS, TURKS, TURNS, TURPS, TUSKS, TUTOR, TUTTI, TUTUS, TUXES, TWAIN, TWANG, TWEAK, TWEED, TWEEN, TWEET, TWERP, TWICE, TWIGS, TWILL, TWINE, TWINS, TWINY, TWIRL, TWIST, TWITS, TYING, TYKES, TYPED, TYPES, TYPOS, TYRES, TZARS,

UDDER, ULCER, ULNAE, ULNAR, ULNAS, ULTRA, UMBEL, UMBER, UMBRA, UNAPT, UNARM, UNBAR, UNBID, UNCAP, UNCLE, UNDER, UNDID, UNDUE, UNFED, UNFIT, UNFIX, UNGOT, UNHAT, UNHIP, UNIFY, UNION, UNITE, UNITS, UNITY, UNLAW, UNLAY, UNLED, UNLET, UNLIT, UNMAN, UNMET, UNPEG, UNPEN, UNPIN, UNRIG, UNRIP, UNSAY, UNSET, UNSEW, UNSEX, UNTIE, UNTIL, UNWED, UNWIT, UNWON, UNZIP, UPEND, UPLIT, UPPED, UPPER, UPSET, URBAN, UREAL, UREAS, UREIC, URGED, URGER, URGES, URINE, URSAE, USAGE, USERS, USHER, USING, USUAL, USURP, UTERI, UTERO, UTTER, UVEAL, UVEAS, UVULA,

VAGUE, VALES, VALET, VALID, VALOR, VALSE, VALUE, VALVE, VANED, VANES, VAPID, VAPOR, VASES, VAULT, VEALS, VEALY, VEERS, VEERY, VEGAN, VEGAS, VEILS, VEINS, VEINY, VENAL, VENDS, VENOM, VENTS, VENUE, VERBS, VERGE, VERSE, VERSO, VERVE, VESTS, VETCH, VEXER, VEXES, VIALS, VIBES, VICAR, VICED, VICES, VIDEO, VIERS, VIEWS, VIGOR, VILER, VILLA, VINED, VINES, VINYL, VIOLA, VIOLS, VIPER, VIRAL, VIRUS, VISAS, VISED, VISES, VISIT, VISOR, VISTA, VITAL, VIVID, VOCAL, VOICE, VOIDS, VOILA, VOLES, VOLTA, VOLTS, VOMIT, VOTED, VOTER, VOTES, VOUCH, VOWED, VOWEL, VOWER, VYING,

WACKS, WACKY, WADED, WADER, WADES, WAFER, WAFTS, WAGED, WAGER, WAGES, WAGON, WAILS, WAINS, WAIST, WAITS, WAIVE, WAKED, WAKEN, WAKER, WAKES, WALED, WALER, WALES, WALKS, WALLS, WALLY, WALTZ, WANDS, WANED, WANES, WANLY, WANTS, WARDS, WARED, WARES, WARKS, WARMS, WARNS, WARPS, WARTS, WARTY, WASHY, WASPS, WASPY, WASTE, WATCH, WATER, WATTS, WAULS, WAVED, WAVER, WAVES, WAVEY, WAXED, WAXEN, WAXER, WAXES, WEALD, WEALS, WEANS, WEARS, WEARY, WEAVE, WEBBY, WEDGE, WEDGY, WEEDS, WEEDY, WEEKS, WEEPS, WEEPY, WIGHT, WEIRD, WEIRS, WELDS, WELLS, WELSH, WELTS, WENCH, WENDS, WETLY, WHACK, WHALE, WHAMS, WHANG, WHARF, WHATS, WHEAT, WHEEL, WHELM, WHELP, WHERE, WHETS, WHEYS, WHIFF, WHIGS, WHILE, WHIMS, WHINE, WHINY, WHIPS, WHIRL, WHIRR, WHIRS, WHISK, WHIST, WHITE, WHITS, WHOMP, WHOOP, WHORL, WHOSE, WHOSO, WICKS, WIDEN, WIDER, WIDES, WINDOW, WIDTH, WIELD, WEIRD, WIFED, WILED, WILES, WILLS, WILLY, WILTS, WIMPS, WINCE, WINCH, WINDS, WINDY, WINED, WINES, WINEY, WINGS, WINGY, WINKS, WIPED, WIPER, WIPES, WIRED, WIRER, WIRES, WISED, WISER, WISES, WISHY, WISPS, WISPY, WITCH, WITHE, WITTY, WIVER, WIVES, WOADS, WOKEN, WOMAN, WOMBS, WOMEN, WONKY, WOODS, WOODY, WOOED, WOOER, WOOLS, WOOLY, WOOSH, WORDS, WORDY, WORKS, WORLD, WORMS, WORMY, WORRY, WORSE, WORST, WORTH, WORTS, WOULD, WOUND, WOVEN, WOWED, WRACK, WRANG, WRAPS, WRATH, WREAK, WRECK, WRENS, WREST, WRIED, WRIER, WRIES, WRING, WRIST, WRITE, WRITS, WRONG, WROTE, WROTH, WRUNG, WRYER,

XENON

YACHT, YANKS, YAPPY, YARDS, YARNS, YAWED, YAWLS, YAWNS, YEARN, YEARS, YEAST, YELLS, YELPS, YETIS, YIELD, YIPES, YODEL, YOGAS, YOKED, YOLKS, YOUNG, YOURS, YOUTH, YOWED, YOWLS,

ZEALS, ZEBRA, ZEROS, ZESTY, ZINGY, ZINKY, ZOEAS, ZONAL, ZONED, ZONER, ZONES*