ABALONE, ABASHED, ABATING, ABDOMEN, ABETTAL, ABETTED, ABETTER, ABETTOR, ABIDERS, ABILENE, ABIOTIC, ABJURES, ABLUTED, ABORTED, ABOUNDS, ABREACT, ABREAST, ABRIDGE, ABSCISE, ABSCOND, ABSINTH, ABSORBS, ABSTAIN, ABUSAGE, ABUTTAL, ABUTTED,  ABUTTER, ABYSMAL, ACACIAS, ACADEMY, ACCEDED, ACCEDER, ACCENTS, ACCEPTS, ACCIDIE, ACCORDS, ACCOSTS, ACCOUNT, ACCRETE, ACCRUAL, ACCRUED, ACCRUES, ACCURSE, ACCURST,  ACCUSAL, ACCUSER, ACCUSES, ACCUSOR, ACERBER, ACERBIC, ACEROSE, ACETATE, ACETIFY, ACHIEST, ACHIEVE, ACONITE, ACQUITS, ACREAGE, ACRIDER, ACRIDLY, ACRONYM, ACRYLIC, ACTINIC, ACTINGS, ACTIONS, ACTIVES, ACTRESS, ACTUARY, ACTUATE, ACUTELY, ADAPTED, ADAPTER, ADDENDA, ADDIBLE, ADDICTS, ADDISON, ADDLING, ADDRESS, ADDREST, ADENOID, ADENOSE, ADEPTER, ADEPTLY, ADHERED, ADHERER, ADHERES, ADJOINT, ADJOURN, ADJUDGE, ADJURED, ADMIRAL, ADMIRED, ADMIRER, ADMIRES, ADOPTED, ADOPTEE, ADOPTER, ADORERS, ADRENAL, ADULATE, ADVANCE, ADVENTS, ADVERBS, ADVERSE, ADVISED, ADVISEE, ADVISER, ADVISES, AERATED, AERATES, AERATOR, AERIALS, AEROBIC, AEROSOL, AFEARED, AFFABLE, AFFAIRE, AFFIRMS, AFFIXED, AFFIXER, AFFLICT, AFTMOST, AGAINST, AGAPEIC, AGEINGS, AGELONG, AGENDAS, AGENTRY, AGILITY, AGONIES, AGONISE, AGONIST, AGONIZE, AGROUND, AILERON, AILMENT, AIRBASE, AIRBILL, AIRCREW, AIRDROP, AIRFARE, AIRGLOW, AIRHEAD, AIRIEST, AIRINGS, AIRLIFT, AIRLOCK, AIRMAIL, AIRPORT, AIRSHIP, AIRTIME, AIRWAVE, AKVAVIT, ALAMEDA, ALAMODE, ALBINOS, ALBUMEN, ALCALDE, ALCAZAR, ALCOHOL, ALCOVES, ALEMBIC, ALERTED, ALERTER, ALEWIFE, ALIASES, ALIBIED, ALIGNED, ALIGNER, ALIMENT, ALIMONY, ALINING, ALIQUOT, ALKALIN, ALLAYED, ALLEGED, ALLEGES, ALLEGRO, ALLELIC, ALLERGY, ALLOTED, ALLOWED, ALLOYED, ALLSTAR, ALLUDED, ALLURES, ALMANAC, ALMONER, ALMSMAN, ALMSMEN, ALOOFLY, ALPACAS, ALPINES, ALREADY, ALRIGHT, ALTERED, ALTERER, ALTHORN, ALUMNAE, ALUMNUS, ALVEOLI, ALYSSUM, AMALGAM, AMASSER, AMASSES, AMATEUR, AMATORY, AMBIENT, AMBLING, AMEBEAN, AMEBOID, AMENDED, AMENITY, AMERCED, AMERIND, AMERISM, AMIABLE, AMINITY, AMIRATE, AMMONIA, AMNESIA, AMNESIC, AMNIOTE, AMOEBAS, AMOEBIC, AMOROSO, AMOROUS, AMOUNTS, AMPLIFY, AMPOULE, AMPULES, AMTRACK, AMUSING, AMYLASE, ANAEMIC, ANALOGS, ANALOGY, ANARCHY, ANATOMY, ANCIENT, ANDIRON, ANDORRA, ANGELIC, ANGERED, ANGERLY, ANGINAL, ANGLERS, ANGLING, ANGOLAN, ANGRIER, ANGRILY, ANIMATE, ANIMATO, ANIMISM, ANIONIC, ANISEED, ANKLETS, ANNATTO, ANNELID, ANNEXED, ANNEXES, ANNOYED, ANNOYER, ANNULAR, ANNULER, ANODIZE, ANODYNE, ANOINTS, ANOMALY, ANORAKS, ANOREXY, ANTEING, ANTHEMS, ANTHONY, ANTHRAX, ANTIGEN, ANTIQUE, ANTIWAR, ANTLERS, ANTLION, ANTWERP, ANVILED, ANXIETY, ANXIOUS, ANYTIME, ANYWAYS, ANYWISE, APANAGE, APATITE, APELIKE, APHAGIA, APHELIA, APHASIC, APISHLY, APLENTY, APOGEAN, APOLOGY, APOSTLE, APOTHEM, APPARAT, APPAREL, APPEALS, APPEASE, APPENDS, APPETIT, APPLAUD, APPLIED, APPLIER, APPOINT, APPOSED, APPRISE, APPRIZE, APRICOT, APROPOS, APTERYX, APTNESS, AQUARIA, AQUATIC, AQUAVIT, AQUIFER, ARABESK, ARAPAHO, ARBITER, ARBORED, ARCADED, ARCADES, ARCADIA, ARCANUM, ARCHAIC, ARCHERY, ARCHEST, ARCHIVE, ARCHWAY, ARDENCY, ARDUOUS, AREAWAY, AREOLAE, ARGUING, ARIDEST, ARIDITY, ARISING, ARMADAS, ARMBAND, ARMFULS, ARMIGER, ARMLOAD, ARMOIRE, ARMORER, ARMPITS, ARMREST, ARMSFUL, AROUSER, AROUSAL, AROUSED, AROUSES, ARRAIGN, ARRANGE, ARRAYED, ARRIVAL, ARRIVED, ARRIVER, ARRIVES, ARSENAL, ARSENIC, ARTICLE, ARTIEST, ARTISAN, ARTISTE, ARTISTS, ARTLESS, ARTWORK, ARUGULA, ASCENTS, ASCETIC, ASCRIBE, ASEPTIC, ASEXUAL, ASHAMED, ASIATIC, ASININE, ASKANCE, ASKINGS, ASOCIAL, ASPECTS, ASPERSE, ASPHALT, ASPIRED, ASPIRER, ASPIRES, ASPIRIN, ASSAGAI, ASSAULT, ASSAYED, ASSENTS, ASSIGNS, ASSISTS, ASSIZER, ASSORTS, ASSUAGE, ASSUMED, ASSUMES, ASSURED, ASSYRIA, ASTRIDE, ASTROID, ASTOUND, ASTRIDE, ASUNDER, ASYLUMS, ATAVISM, ATAVIST, ATELIER, ATHIRST, ATINGLE, ATOMICS, ATOMISE, ATOMIST, ATOMIZE, ATONERS, ATTACHE, ATTACKS, ATTAINT, ATTEMPT, ATTENDS, ATTIRES, ATTRACT, ATTUNED, ATTUNES, AUBERGE, AUBURNS, AUCTION, AUDIBLE, AUDIBLY, AUDIENT, AUGENDS, AUGMENT, AUGURAL, AUGURED, AUGURER, AUGUSTA,  AULDEST, AURALLY, AURATED, AUREOLA, AURORAE, AURORAL, AUTOING, AUTOPSY, AUTUMNS, AVAILED, AVARICE, AVATARS, AVENGED, AVENGER, AVENGES, AVIATES, AVIATOR, AVIONIC, AVOIDER, AWAITED, AWAITER, AWAKING, AWARDED, AWARDEE, AWARDER, AWESOME, AWFULLY, AWKWARD, AXIALLY, AXOLOTL, AZIMUTH, 

BAALISM, BABBLED, BABBLER, BABCOCK, BABOONS, BABYISH, BABYLON, BABYSAT, BACCHIC, BACKBIT, BACKERS, BACKLIT, BACKLOT, BACKSAW, BACKUPS, BADGERS, BADGING, BADLAND, BAFFLED, BAFFLES, BAGASSE, BAGGAGE, BAGGERS, BAGGING, BAILIFF, BAILING, BAKLAVA, BALANCE, BALCONY, BALDEST, BALDING, BALDISH, BALDRIC, BALEFUL, BALKILY, BALKING, BALLAST, BALLCAP, BALLERS, BALLING, BALLOTS, BALMILY, BALONEY, BAMBINO, BANALLY, BANDAGE, BANDANA, BANDBOX, BANDING, BANDITS, BANEFUL, BANGERS, BANGING, BANNERS, BANNING, BANQUET, BANSHIE, BANTERS, BANTING, BAPTISM, BAPTIZE, BARBELS, BARBING, BARCODE, BARDING, BAREFIT, BARGING, BARISTA, BARKEEP, BARKERS, BARKIER, BARKING, BARMIER, BARNIER, BAROQUE, BARRENS, BARRING, BARROWS, BARWARE, BASALLY, BASEMEN, BASHERS, BASHFUL, BASHING, BASILAR, BASINED, BASINET, BASQUES, BASSETS, BASSOON, BASSIST, BASSOON, BASTERS, BASTIAN, BASTING, BATCHED, BATCHER, BATCHES, BATEAUX, BATFISH, BATHING, BATHTUB, BATISTE, BATSMAN, BATTEAU, BATTERY, BATTING, BATTLED, BATTLER, BATTLES, BAULKED, BAWDILY, BAWLERS, BAWLING, BAYONET, BAZOOKA, BEACHED, BEACHES, BEACONS, BEADIER, BEADILY, BEADING, BEADMEN, BEAGLES, BEAKERS, BEAKIER, BEAMILY, BEAMING, BEAMISH, BEANERY, BEANIES, BEANING, BEARCAT, BEARDED, BEARERS, BEARING, BEASTIE, BEASTLY, BEATERS, BEATING, BEAVERS, BECAUSE, BECKING, BECKONS, BECLOUD, BECOMES, BECURSE, BEDDING, BEDEWED, BEDGOWN, BEDIGHT, BEDMATE, BEDOUIN, BEDPOST, BEDRAIL, BEDROCK, BEDROOM, BEDSORE, BEDWARF, BEECHEN, BEEFIER, BEEFING, BEEHIVE, BEELIKE, BEELINE, BEERIER, BEETLES, BEGGARS, BEGGING, BEGORAH, BEGRIME, BEGUILE, BEHEADS, BEHESTS, BEHINDS, BEHOOVE, BEHOVED, BELABOR, BELATED, BELAYED, BELCHED, BELCHER, BELDAME, BELIEVE, BELLBOY, BELLIED, BELLMAN, BELONGS, BELOVED, BELTING, BELTWAY, BELYING, BEMOANS, BEMUSES, BENCHED, BENCHER, BENCHES, BENEATH, BENEFIT, BENGALS, BENISON, BENTHIC, BENZENE, BENZINE, BENZOIN, BEQUEST, BERATED, BERATES, BERETTA, BERGMAN, BERRIES, BERSERK, BERTHED, BESEECH, BESHREW, BESIEGE, BESLIME, BESMEAR, BESMOKE, BESPAKE, BESPEAK, BESPOKE, BESTIAL, BESTOWS, BESTREW, BETAKEN, BETHINK, BETIDED, BETOKEN, BETRAYS, BETTING, BETWEEN, BETWIXT, BEVELER, BEWAILS, BEWARED, BEWITCH, BEYONDS, BIASING, BIAXIAL, BIBASIC, BIBBERY, BIBELOT, BIBLIOG, BICKERS, BICOLOR, BICYCLE, BIDDERS, BIDDING, BIENNIA, BIFFING, BIGFOOT, BIGGEST, BIGGING, BIGHEAD, BIGHORN, BIGHTED, BIGSHOT, BIGWIGS, BIKEWAY, BIKINIS, BILGING, BILLERS, BILLOWS, BILOBED, BIMETAL, BIMODAL, BINDERS, BINDING, BIOFILM, BIOFUEL, BIOLOGY, BIOMASS, BIOPICS, BIOPTIC, BIOTINS, BIOTITE, BIOTYPE, BIPARTY, BIPEDAL, BIPLANE, BIRCHED, BIRCHEN, BIRCHER, BIRCHES, BIRDING, BIRDMEN, BIRTHED, BISECTS, BISEXED, BISHOPS, BISMARK, BISMUTH, BISQUES, BISTATE, BISTROS, BITABLE, BITTERN, BITTIER, BITTING, BITUMEN, BIVALVE, BIVOUAC, BIZARRO, BIZONAL, BLABBED, BLABBER, BLACKEN, BLACKER, BLACKLY, BLADDER, BLAMERS, BLAMING, BLANCHE, BLANDER, BLANDLY, BLANKED, BLARING, BLASTED, BLATTED, BLATTER, BLAZERS, BLAZING, BLEAKER, BLEAKLY, BLEARED, BLEATED, BLEATER, BLESSED, BLESSES, BLETHER, BLINDER, BLINDLY, BLINKED, BLINKER, BLINTZE, BLISSES, BLITHER, BLITZED, BLOATED, BLOCKED, BLOGGED, BLOGGER, BLONDES, BLOOMER, BLOSSOM, BLOTCHY, BLOTTED, BLOUSED, BLOUSON, BLOWERS, BLOWFLY, BLOWIER, BLOWING, BLOWOFF, BLOWOUT, BLUBBER, BLUCHER, BLUECAP, BLUEGUM, BLUEING, BLUFFLY, BLUNDER, BLUNGED,  BLUNGER, BLUNTED, BLUNTER, BLUNTLY, BLURRED, BLURTED, BLURTER, BLUSHES, BOARDED, BOARDER, BOASTED, BOASTER, BOATERS, BOATING, BOATMAN, BOATMEN, BOBBERY, BOBBING, BOBCATS, BOBSLED, BOBTAIL, BODICES, BOFFOLA, BOGEYED, BOGGISH, BOGGLED, BOGGLER, BOGGLES, BOGUSLY, BOHEMIA, BOILERS, BOILING, BOLDEST, BOLIVAR, BOLIVIA, BOLLARD, BOLOGNA, BOLONEY, BOLSTER, BOLTING, BOMBARD, BOMBING, BONANZA, BONDAGE, BONDING, BONDMAN, BONDMEN, BONELET, BONESET, BONFIRE, BONKERS, BONNIER, BONNILY, BONUSES, BOODLER, BOOKEND, BOOKERS, BOOKIES, BOOKISH, BOOKLET, BOOKMAN, BOOKMEN, BOOLEAN, BOOMAGE, BOOMBOX, BOOMERS, BOOMIER, BOOMKIN, BOOMLET, BOONIES, BOORISH, BOOSTED, BOOSTER, BOOTERY, BOOTIES, BOOTING, BOOZERS, BOOZIER, BOOZILY, BOOZING, BORATED, BORATES, BORDERS, BOREDOM, BORONIC, BOROUGH, BORROWS, BOSOMED, BOSQUET, BOSSIER, BOSSILY, BOSSISM, BOTCHED, BOTCHER, BOTHERS, BOTTLED, BOTTLES, BOTTOMS, BOTULIN, BOUGHED, BOULDER, BOUNCER, BOUNDED, BOUNDEN, BOUNDER, BOUQUET, BOURBON, BOVINES, BOWELED, BOWHEAD, BOWLDER, BOWLERS, BOWLFUL, BOWLIKE, BOWLINE, BOWLING, BOXFISH, BOXIEST, BOXWOOD, BOYCOTT, BRACERO, BRACERS, BRAGGED, BRAGGER, BRAHMAN, BRAHMIN, BRAIDER, BRAILED, BRAILLE, BRAISED, BRAISES, BRAKIER, BRAKING, BRAMBLY, BRANDED, BRANDER, BRASHER, BRASHLY, BRASSIE, BRAVELY, BRAVOED, BRAVURA, BRAVURE, BRAWLED, BRAWLER, BRAZENS, BREADED, BREADTH, BREAKER, BREASTS, BREATHE, BREATHY, BRECCIA, BREWAGE, BREWING, BRIBERY, BRIBING, BRICKED, BRIDLER, BRIEFED, BRIEFLY, BRIGADE, BRIGAND, BRIGHTS,  BRIMFUL, BRIMMED, BRIMMER, BRINIER, BRINING, BRINISH, BRIQUET, BRISKED, BRISKET, BRISKLY, BRISTLY, BRITTLE, BROADEN, BROADER, BROADLY, BROCADE, BROCOLI, BROIDER, BROILED, BROILER, BROKAGE, BROMATE, BRONCHI, BRONZED, BRONZER, BROODED, BROODER, BROOMED, BROTHEL, BROUGHT, BROWNED, BROWNER, BROWNIE, BROWSED, BROWSER, BROWSES, BRUISED, BRUISES, BRUITER, BRUSHED, BRUSHUP, BRUSKER, BRUSKLY, BRUTELY, BRUTIFY, BRUTISH, BRUTISM, BUBBLED, BUBBLER, BUBONIC, BUCKETS, BUCKEYE, BUCKISH, BUCKLED, BUCKLER, BUCKLES, BUCOLIC, BUDDING, BUDGETS, BUFFALO, BUFFERS, BUFFOON, BUGGERS, BUGGERY, BUGGIER, BUGLING, BUILDED, BUILDER, BUILDUP, BUILTIN, BULBOUS, BULGIER, BULIMIC, BULKING, BULLDOG, BULLETS, BULLIED, BULLING, BULLION, BULLOCK, BUMBLED, BUMBLER, BUMMERS, BUMMEST, BUMPILY, BUMPING, BUNCHED, BUNCHES, BUNDLED, BUNDLER, BUNDLES, BUNGLED, BUNGLER, BUNIONS, BUNKERS, BUNKOED, BUNTING, BUOYAGE, BURBLED, BURBLER, BURCHES, BURDOCK, BUREAUS, BUREAUX, BURGEON, BURGHER, BURGLAR, BURGLES, BURIALS, BURLAPS, BURLESK, BURLIER, BURLING, BURNOUT, BURPING, BURRIER, BURRING, BURRITO, BURROWS, BURSARY,  BURSTER,  BURUNDI, BURYING, BUSBOYS, BUSHELS, BUSHILY, BUSHING, BUSHMAN, BUSHMEN, BUSIEST, BUSTARD, BUSTIER, BUSTING, BUSTLED, BUSTLER, BUTANES, BUTCHER, BUTLERY, BUTTERS, BUTTERY, BUTTONY, BUXOMER, BUYABLE, BUYBACK, BUYOUTS, BUZZARD, BUZZERS, BUZZING, BUZZSAW, BYGONES, BYLINED, BYLINER, BYNONIC, BYRONIC, 

CABARET, CABINED, CABOOSE, CACHING, CACKLED, CACKLER, CACKLES, CADAVER, CADDIED, CADDIES, CADENCE, CADENCY, CADENZA, CADETTE, CADGING, CADMIUM, CADUCEI, CAESURA, CAHOOTS, CAIRNED, CAISSON, CAJAPUT, CAJOLED, CAKIEST, CALCITE, CALCIUM, CALDRON, CALGARY, CALIBER, CALIBRE, CALKING, CALLERS, CALLING, CALMANT, CALMING, CALORIC, CALORIE, CALOTTE, CALPACK, CALTRAP, CALUMET, CALVARY, CALVING, CAMBIAL, CAMBIST, CAMBIUM, CAMBRIC, CAMERAL, CAMERAS, CAMPERS, CAMPIER, CAMPING, CANALED, CANCELS, CANCERS, CANDIDE, CANDIED, CANDIES, CANDLED,CANDLES,  CANINES, CANNILY, CANNING, CANNULA, CANONIC, CANONRY, CANTERS, CANTINA, CANTLES, CANTRAP, CANTRIP, CANZONE, CAPELAN, CAPELET, CAPERER, CAPITAL, CAPITOL, CAPPERS, CAPRICE, CAPSIZE, CAPSTAN, CAPSULE, CAPTAIN, CAPTION, CAPTIVE, CAPTURE, CARACUL, CARAMEL, CARAVAN, CARAVEL, CARAWAY, CARBIDE, CARCASE, CARCASS, CARDIAC, CARDING, CARDOON, CAREENS, CARGOES, CARINAE, CARIOLE, CARIOUS, CARLIKE, CARMINE, CARNAGE, CARNIFY, CAROLED, CAROLER, CAROLYN, CAROMED, CAROTID, CARPALS, CARPELS, CARPETS, CARPING, CARPORT, CARRELL, CARRIED, CARRIER, CARRIES, CARRION, CARROLL, CARROTS, CARRYON, CARSEAT, CARTELS, CARTERS, CARTING, CARTONS, CARTWAY, CARVERS, CARVING, CARWASH, CASCARA, CASHEWS, CASHIER, CASHING, CASINGS, CASINOS, CASSABA, CASSINO, CASSOCK, CASTERS, CASTILE, CASTING, CASTLED, CASTLES, CASTOFF, CASUALS, CATALOG, CATALPA, CATAWBA, CATCALL, CATCHES, CATCHUP, CATERER, CATFISH, CATIONS, CATLIKE, CATNAPS, CATSPAW, CATTAIL, CATTIER, CAUDATE, CAULKED, CAULKER, CAUSERS, CAUSING, CAUTION, CAVALRY, CAVEATS, CAVEMAN, CAVEMEN, CAVERNS, CAVIARE, CAVIARS, CAVILER, CEASING, CEDILLA, CEILING, CELADON, CELEBRE, CELESTA, CELESTE, CELLARS, CELLING, CELLIST, CELSIUS, CEMBALI, CEMBALO, CEMENTS, CENACLE, CENSING, CENSORS, CENSURE, CENTARE, CENTAUR, CENTAVO, CENTIMO, CENTRAL, CENTRIC, CEREBRA, CERTAIN, CERTIFY, CERVINE, CESSION, CESURAE, CEVICHE, CHAFERS, CHAFFER, CHAFING, CHAISES, CHALETS, CHALKED, CHALLIE, CHALLOT, CHAMBER, CHAMISO, CHAMPED, CHAMPER, CHANCER, CHANCES, CHANCRE, CHANGED, CHANGES, CHANNEL, CHANSON, CHANTEY, CHANTRY, CHAOTIC, CHAPELS, CHAPLET, CHAPMAN, CHAPMEN, CHAPTER, CHARADE, CHARGER, CHARIOT,  CHARISM, CHARLIE, CHARLEY, CHARNEL, CHARRED, CHARTED, CHARTER, CHASERS, CHASING, CHASMED, CHASMIC, CHASSED, CHASSIS, CHASTEN, CHATEAU, CHATTER, CHAUCER, CHEAPER, CHEAPIE, CHEAPLY, CHEATER, CHECKER, CHECKIN, CHEDDAR, CHEEKED, CHEEPER, CHEERER, CHEESED, CHEESES, CHEFDOM, CHELATE, CHEMISE, CHEMISM, CHEMIST, CHEQUER, CHEROOT, CHERVIL, CHEVAUX, CHEVIOT, CHEVRON, CHEWERS, CHEWIER, CHEWING, CHIANTI, CHICANE, CHICORY, CHIDDEN, CHIDING, CHIEFER, CHIEFLY, CHIFFON, CHILDLY, CHILEAN, CHILLED, CHILLER, CHILLUM, CHIMLEY, CHIMNEY, CHINING, CHINNED, CHINONE, CHINOOK, CHINTZY, CHIPPIE, CHIPSET, CHIRKED, CHIRPED, CHISELS, CHITLIN, CHITONS, CHITTER, CHIVIED, CHLORAL, CHLORIC, CHLORID, CHOCKED, CHOCTAW, CHOICER, CHOICES, CHOIRED, CHOKERS, CHOKIER, CHOKING, CHOLERA, CHOLINE, CHOMPED, CHOOSER, CHOOSEY, CHOPPER, CHORALE, CHORDAL, CHORDED,  CHOREAL, CHOREIC, CHORION, CHORIZO, CHOROID, CHORTLE, CHOWDER, CHOWING, CHROMED, CHROMES, CHRONIC, CHUFFER, CHUGGED, CHUMMED, CHUNKED, CHUNKER, CHUNTER, CHURCHY, CHURNED, CHURROS, CHUTIST, CICHLID, CIGARET, CILIARY, CILIATE, CINCHES, CINDERS, CINEMAS, CIRCLED, CIRCLES, CIRCUSY, CIRROSE, CISTERN, CITABLE, CITADEL, CITATUM, CITHARA, CITIZEN, CITRATE, CITRONS, CIVILER, CIVILLY, CLACKED, CLACKER, CLAIMED, CLAIMER, CLAMBER, CLAMOUR, CLAMPED, CLAMPER, CLANGED, CLANKED, CLAPPED, CLAPPER, CLARIFY, CLARITY, CLARKIA, CLASHED, CLASHES, CLASPED, CLASPER, CLASSES, CLASSIC, CLASTIC, CLATTER, CLAUSAL, CLAUSES, CLAVIER, CLAWERS, CLAWING, CLAYIER, CLAYISH, CLEANER, CLEANSE, CLEANUP, CLEARED, CLEARER, CLEARLY, CLEATED, CLEAVER, CLEAVES, CLEMENT, CLERICS, CLERKED, CLERKLY, CLIMBED, CLICHED, CLICHES, CLICKED, CLICKER, CLIENTS, CLINGED, CLINGER, CLINICS, CLINKER, CLIPPED, CLIPPER, CLIQUED, CLIQUES, CLIQUEY, CLOCKED, CLOGGED, CLONERS, CLONISM, CLONKED, CLOSELY, CLOSERS, CLOSEST, CLOSETS, CLOSING, CLOTHED, CLOTURE, CLOUDED, CLOUTED, CLOUTER, CLOVERS, CLOYING, CLUBBER, CLUBMAN, CLUMPED, CLUNKER, COACHED, COACHES, COADMIT, COAEVAL, COAGENT, COALBIN, COALBOX, COALERS, COALPIT, COARSEN, COARSER, COASTAL, COASTED, COASTER, COATERS, COAXERS, COAXING, COBBLED, COBBLER, COBWEBS, COCHLEA, COCKADE,  COCKEYE, COCKILY, COCKLED, COCKNEY, COCKPIT, COCOMAT, COCONUT, COCOONS, CODDLED, CODDLER, CODEINE, CODFISH, CODICIL, CODLING, COERCED, COERCES, COEVALS, COEXIST, COFFEES, COFFINS, COFOUND, COGENCE, COGENCY, COGNATE, COGNATI, COGNITA, COGNIZE,  COHERED, COHERER, COHORTS, COIFING, COILERS, COILING, COINAGE, COINING, COITION, COLDEST, COLDISH, COLICKY, COLITIC, COLLAGE, COLLARD, COLLARS, COLLATE, COLLECT, COLLEGE, COLLIDE, COLLIED, COLLOID, COLLUDE, COLOMBO, COLONEL, COLORED, COLORER, COLTISH, COLUMNS, COMBINE, COMBING, COMBUST*, COMEDIC, COMFORT, COMFREY, COMMAND, COMMEND, COMMENT, COMMITS, COMMIXT, COMMODE, COMMONS, COMMUTE, COMPACT, COMPANY, COMPEER, COMPELS, COMPERE, COMPETE, COMPILE, COMPING, COMPLEX, COMPORT, COMPOTE, COMPTED, COMPUTE, COMRADE, CONCAVO, CONCEDE, CONCEIT, CONCISE, CONCOCT, CONCORD, CONDEMN, CONDOLE, CONDONE, CONDORS, CONDUCT, CONDUIT, CONFABS, CONFERS, CONFIRM, CONFLUX, CONFUSE, CONFUTE, CONGEED, CONGEST, CONICAL, CONIFER, CONJOIN, CONJURE, CONNECT, CONNING, CONNOTE, CONPLER, CONQUER, CONRAIL, CONSENT, CONSIGN, CONSIST, CONSORT, CONSULT, CONSUME, CONTEMN, CONTEND, CONTENT, CONTEST, CONTEXT, CONTORT,  CONTOUR, CONTROL, CONTUSE, CONVEXO, CONVEYS, CONVICT, CONVOKE, COOEYED, COOKERS, COOKIES, COOKING, COOKOUT, COOLERS, COOLEST, COOLING, COOLISH, COOTIES, COPILOT, COPIOUS, COPOUTS, COPPERS, COPPERY, COPPING, COPULAR, COPYBOY, COPYCAT, COPYIST, CORACLE, CORDATE, CORDING, CORDOBA, CORKAGE, CORKIER, CORKING, CORNCOB, CORNEAL, CORNELL, CORNERS, CORNETS, CORNICE, CORNISH, CORNUTE, CORONAE, CORONER, CORONET, CORPORE, CORPSES, CORRODE, CORRUPT, CORSAGE, CORSAIR, CORSETS, COSIGNS, COSINES, COSMIST, COSSACK, COSTIVE, COSTUME, COTERIE, COTTAGE, COTTONS, COTTONY, COUGHED, COULDST, COULOMB, COULTER, COUNCIL, COUNSEL, COUNTER, COUNTRY, COUPING, COUPLED, COUPLES, COUPONS, COURAGE, COURANT, COURIER, COURSED, COURSER, COURSES, COURTED, COURTLY, COUTHER, COVERED, COVERER, COVERTS, COVERUP, COVETED, COVETER, COWARDS, COWBANE, COWBELL, COWBIRD, COWGIRL, COWHAND, COWHERD, COWHIDE, COWKINE, COWLIKE, COWPEAS, COWSKIN, COXWAIN, COYOTES, COZIEST, COZONED, CRACKED, CRACKER, CRACKLE, CRACKLY,  CRADLED, CRAFTED, CRAFTER, CRAGGED, CRAMPED, CRANIAL, CRANING, CRANKED, CRAPING, CRAPPED, CRAPPIE, CRASHER, CRASHES, CRASSER, CRASSLY, CRATERS, CRATING, CRAVATS, CRAVING, CRAWDAD, CRAWLED, CRAWLER, CRAZIER, CRAZIES, CREAMED, CREAMER, CREASED, CREEDAL, CREEPED, CREEPER, CREEPIE, CRENATE, CREPIER, CRESSES, CRESSET, CRESTAL, CRESTED, CRETINS, CREWCUT, CREWING, CREWMAN, CRICKET, CRIMEAN, CRIMPED, CRIMSON, CRINKLE, CRINKLY, CRIPPLE, CRISPER, CRISPLY, CRITICS, CRITTER, CRITTUR, CROAKER, CROCKED, CROCKET, CROFTER, CRONIES, CROOKED, CROONER, CROPPED, CROPPER, CROQUET, CROSIER, CROSSER, CROSSES, CROSSLY, CROUTON, CROWDED, CROWING, CROWNED, CRUCIAL, CRUCIFY, CRUDDED, CRUDEST, CRUDITY, CRUELER, CRUELLY, CRUELTY, CRUISED, CRUISER, CRUISES, CRUMBED, CRUMBLE, CRUMBLY, CRUMPET, CRUNCHY, CRUSHER, CRUSTED, CULTURE, CURDLER, CURSORY, CUSTODY, CRUMMIE, CRYBABY, CRYOGEN, CRYONIC, CRYPTAL, CRYSTAL, CUBBISH, CUBICAL, CUBICLE, CUBISMS, CUBOIDS, CUDDLED, CUDDLES, CULLERS, CULLIED, CULLING, CULPRIT, CULTISM, CULTIST, CULVERT, CUMQUAT,  CUMSHAW, CUNNING, CUPCAKE, CUPRITE, CUPSFUL, CURABLY, CURACAO, CURATOR, CURBERS, CURBING, CURDIER, CURDING, CURETTE, CURFEWS, CURIOSA, CURLERS, CURLIER, CURRANT, CURRENT, CURRIED, CURRIES, CURRING, CURRISH, CURSING, CURSIVE, CURTAIL, CURTAIN, CURTEST, CURTESY, CURTSEY, CURVING, CUSHIER, CUSHILY, CUSHING, CUSHION, CUSPIDS, CUSTARD, CUSTOMS, CUTBACK, CUTICLE, CUTLERY, CUTLETS, CUTLINE, CUTOUTS, CUTTING, CUTTLED, CYANIDE, CYCLIST, CYCLOID, CYNICAL, CYPRIOT, CZARDON, CZARISM, CZARIST, 

DABBING, DABBLED, DABBLER, DABBLES, DADAISM, DADAIST, DAFTEST, DAHOMEY, DAILIES, DAISIED, DAKOTAN, DALLIED, DALLIER, DALLIES, DAMAGED, DAMNING, DAMOSEL, DAMPERS, DAMPEST, DAMPING, DAMPISH, DAMSELS, DANDERS, DANDIER, DANDIFY, DANDLER, DANGERS, DANGLED, DANGLER, DANGLES, DANKEST, DANSEUR, DAPHNIA, DAPPLED, DAPPLES, DAREFUL, DARKEST, DARKING, DARKLED, DARLING, DARNERS, DARNING, DARTERS, DARTING, DASHERS, DASHING, DASHPOT, DATASET, DATEDLY, DATIVES, DAUBERS, DAUBING, DAUNTED, DAUNTER, DAUPHIN, DAWDLED, DAWDLER, DAWDLES, DAWNING, DAYBEDS, DAYBOOK, DAYCARE, DAYGLOW, DAYHIKE, DAYLILY, DAYLONG, DAYPACK, DAYROOM, DAYSIDE, DAYSTAR,  DAZZLED, DAZZLES, DEADENS, DEADEST, DEADEYE, DEADPAN, DEAFEST, DEAFISH, DEALERS, DEALING, DEANERY, DEANING, DEAREST, DEARIES, DEATHLY, DEBACLE, DEBARKS, DEBASED, DEBASER, DEBASES, DEBATED, DEBATER, DEBATES, DEBITED, DEBRIEF, DEBUNKS, DECADES, DECAMPS, DECANTS, DECAPOD, DECAYED, DECEIVE, DECIBEL, DECIDED, DECIDER, DECIDES, DECIMAL, DECKING, DECLAIM, DECLARE, DECODED, DECODER, DECORUM, DECOYED, DECREED, DECREES, DECRIAL, DECRIED, DECRIER, DECRIES, DEDUCED, DEDUCES, DEEDBOX, DEEDIER, DEEDING, DEEJAYS, DEEMING, DEEPENS, DEEPEST, DEERFLY, DEFACED, DEFACES, DEFACTO, DEFAMED, DEFAULT, DEFEATS, DEFENSE, DEFIANT, DEFILED, DEFILER, DEFILES, DEFINED, DEFINES, DEFLATE, DEFLECT, DEFOCUS, DEFORMS, DEFRAUD, DEFROCK, DEFROST, DEFTEST, DEFUNCT, DEFUSED,  DEFUSES, DEFUZED, DEFYING, DEGLAZE, DEGRADE, DEGREED, DEGREES, DEICIDE, DEICING, DEIFIED, DEIFIER, DEIFIES, DEIFORM, DEIGNED, DEISTIC, DEJECTS, DELAYED, DELAYER, DELEING, DELETES, DELICTI, DELICTO, DELIGHT, DELIMIT, DELIVER, DELTAIC, DELTOID, DELUDER, DELVERS, DEMANDS, DEMEANS, DEMENTS, DEMERIT, DEMESNE, DEMETER, DEMISES, DEMONIC, DEMOTES, DEMOTED, DEMOTIC, DEMOUNT, DENARII, DENIALS, DENIERS, DENNING, DENOTED, DENSELY, DENSEST, DENSIFY, DENSITY, DENTALS, DENTATE, DENTINE, DENTING, DENTIST, DENTURE, DENUDED, DENUDER, DENUDES, DEODARS, DEPENDS, DEPICTS, DEPLANE, DEPLETE, DEPLOYS, DEPORTS, DEPOSAL, DEPOSED, DEPOSER, DEPOSIT, DEPRAVE, DEPRESS, DEPRIVE, DEPUTES, DERAILS, DERANGE, DERBIES, DERIDED, DERIDER, DERIDES, DERIVES*, DERVISH, DESCANT, DESCEND, DESCENT, DESERTS, DESERVE, DESEXED, DESIGNS, DESIRED, DESIRES, DESKMEN, DESKTOP, DESPAIR, DESPISE, DESPITE, DESPOIL, DESPOND, DESSERT, DESTAIN, DESTINY, DESTROY, DESUGAR, DETAILS, DETAINS, DETERGE, DETOURS, DETRAIN, DEUCING, DEVELOP, DEVIANT, DEVIATE, DEVICES, DEVILED, DEVILRY, DEVIOUS, DEVISAL, DEVISER, DEVISES, DEVISOR, DEVOICE, DEVOLVE, DEVOTED, DEVOTEE, DEVOURS, DEWAXED, DEWDROP, DEWFALL, DEXTRIN, DHARMIC, DIADEMS, DIAGRAM, DIALECT, DIALERS, DIALING, DIALIST, DIALLED, DIALLER, DIALYZE, DIAMOND, DIAPERS, DIARCHY, DIBBING, DIBBLED, DIBBLER, DIBBLES, DICIEST, DICTATE, DICTION, DIDDLER, DIESELS, DIETARY, DIETERS, DIETING, DIGGERS, DIGGING, DIGHTED, DIGITAL, DIGNIFY, DIGRESS, DIKDIKS, DILATED, DILATER, DILATES, DILEMMA, DILUTED, DIMMERS, DIMMING, DIMMOCK, DIMNESS, DIMPLED, DINGBAT, DINGLES, DINGOES, DINKIER, DINKING, DIOPTER, DIOPTRE, DIORAMA, DIOXIDE, DIPOLES, DIPPERS, DIPPIER, DIPPING, DIPTERA, DIPTYCA, DIPTYCH, DIREFUL, DIRKING, DIRTIER, DISABLE, DISARMS, DISAVOW, DISBAND, DISCARD, DISCERN, DISCING, DISCOID, DISCORD, DISCUSS, DISDAIN, DISEASE, DISHIER, DISHING, DISHPAN, DISHRAG, DISKING, DISLIKE, DISMAST, DISMISS, DISOBEY, DISPELS, DISPLAY, DISPORT, DISPOSE, DISPUTE, DISROBE, DISSECT, DISSERT, DISSING, DISTAFF, DISTANT, DISTEND, DISTENT, DISTICH, DISTILL, DISUSED, DITCHED, DITCHES, DITHERY, DITTOED, DIURNAL, DIVERGE, DIVERSE, DIVERTS, DIVIDED, DIVIDER, DIVIDES, DIVINED, DIVINER, DIVINES, DIVISOR, DIVORCE, DIVISOR, DIVVIED, DIVVIES, DIZZIED, DIZZIER, DIZZIES, DNIEPER, DOBBINS, DOCENTS, DOCKAGE, DOCKETS, DOCKING, DODDERY, DODGERS, DODGIER, DODGING, DODOISM, DOFFING, DOGBANE, DOGCART, DOGFISH, DOGFOOD, DOGGERY, DOGGIER, DOGGING, DOGGISH, DOGGONE, DOGGREL, DOGLIKE, DOGMATA, DOGSLED, DOGWOOD, DOILIES, DOLEFUL, DOLLARS, DOLLING, DOLLOPS, DOLPHIN, DOLTISH, DOMAINS, DOMINIE, DONATED, DONATIO, DONATOR, DONKEYS, DONNING, DONOVAN, DOODLER, DOOMING, DOPIEST, DOPPLER, DORMANT, DORMICE, DOROTHY, DORSALS, DOSAGES, DOSSING, DOTIEST, DOTTIER, DOTTILY, DOTTING, DOUBLED, DOUBLER, DOUBLES, DOUBLET, DOUBTED, DOUBTER, DOURINE, DOUSING, DOWAGER, DOWDILY, DOWERED, DOWNERS, DOWNIER, DOWNING, DOWSING, DOYENNE, DOZENED, DOZENTH, DOZIEST, DRABBED, DRABBER, DRABBLE, DRACHMA, DRAFTEE, DRAFTER, DRAGGED, DRAGOON, DRAINED, DRAINER, DRAPERS, DRAPERY, DRAPING, DRASTIC, DRATTED, DRAUGHT, DRAWBAR, DRAWERS, DRAWLED, DRAWLER, DRAYAGE, DRAYING, DRAYMAN, DREADED, DREAMER, DREDGED, DREDGES, DRESSER, DRIBBED, DRIBBLE, DRILLED, DRILLER, DRIPPED, DRIVERS, DRIVING, DRIZZLE, DRIZZLY, DROLLER, DROOLED, DROOPED, DROPLET, DROPOFF, DROPOUT, DROPPED, DROPPER, DROUGHT, DROUTHY, DROVING, DROWNED, DROWNER, DROWSED, DROWSES, DRUBBED, DRUBBER, DRUDGED, DRUDGER, DRUIDIC, DRUMLIN, DRUMMED, DRUMMER, DRUNKER, DRYADIC, DRYDOCK, DRYWALL, DUALIST, DUALITY, DUBBING, DUBIETY, DUBIOUS, DUCKING, DUCKPIN, DUCTILE, DUCTING, DUDGEON, DUELING, DUELIST, DUELLED, DUELLER, DUETTED, DUGONGS, DUKEDOM, DULCIFY, DULLEST, DULLING, DUMBEST, DUMMIED, DUMMIES,  DUMPERS, DUMPIER, DUMPING, DUMPISH, DUNGIER, DUNGING, DUNNAGE, DURABLE, DURABLY, DURANCE, DURNING, DUSKIER, DUSKILY, DUSTBIN, DUSTERS, DUSTIER, DUSTILY, DUSTING, DUSTPAN, DUTIFUL, DUUMVIR, DWARFED, DWARVES, DWELLED, DWELLER, DYARCHY, DYEABLE, DYEWEED, DYNAMIC, DYNAMOS, DYNASTS, DYNASTY, 

EAGERER, EAGERLY, EARBUDS, EARDRUM, EARFLAP, EARFULS, EARLIER, EARLOBE, EARLOCK, EARNERS, EARNEST, EARNING, EARPLUG, EARRING, EARTHEN, EARTHLY, EARWIGS, EARWORM, EASEFUL, EASTERN, EASTING, EASTMAN, EBONIES, ECHOERS, ECLAIRS, ECLIPSE, ECLOGUE, ECODIDE, ECOLOGY, ECONOMY, ECSTASY, ECUADOR, EDEMATA, EDGIEST, EDIBLES, EDIFIED, EDIFIER, EDIFIES, EDITING, EDITION, EDITORS, EDUCATE, EDUCING, EDUCTOR, EELIEST, EELWORM, EERIEST, EFFACER, EFFECTS, EFFORTS, EFFUSES, EFTSOON, EGALITE, EGGLESS, EGGNOGS, EGOLESS, EGOTIST, EIDOLON, EIGHTHS, EJACULA, EJECTED, EJECTOR, EJECTUM, EKISTIC, ELAPSED, ELAPSES,  ELASTIC, ELASTIN, ELATING, ELATION, ELATIVE, ELBOWED, ELECTED, ELECTEE, ELECTOR, ELECTRA, ELECTRO, ELEGANT, ELEGIZE, ELEMENT, ELEVATE, ELISION, ELITISM, ELLIPSE, ELOPERS, ELOPING, ELUDERS, ELUDING, ELUSIVE, ELUSORY, ELYSIAN, ELYSIUM, EMANATE, EMBALMS, EMBANKS, EMBARGO, EMBARKS, EMBASSY, EMBLAZE, EMBLEMS, EMBOLIC, EMBOLUS, EMBRACE, EMBROIL, EMBRYOS, EMENDED, EMENDER, EMERALD, EMERITA, EMERITI, EMINENT, EMIRATE, EMITTER, EMOTERS, EMOTION, EMPATHY, EMPIRES, EMPLOYS, EMPORIA, EMPRESS, EMPTIED, EMPTIES, EMPTILY, EMPTIVE, ENABLED, ENABLES, ENACTOR, ENAMELS, ENCAMPS, ENCASED, ENCASES, ENCLAVE, ENCODER, ENCOMIA, ENCORED, ENCORES, ENCRYPT, ENDEARS, ENDEMIC, ENDGAME,  ENDINGS, ENDIVES, ENDLEAF, ENDLONG, ENDMOST, ENDNOTE, ENDORSE, ENDOWED, ENDOWER, ENDURED, ENDURES, ENDWISE, ENEMIES, ENFLAME, ENFOLDS, ENFORCE, ENFRAME, ENGAGED, ENGAGER, ENGINED, ENGLISH, ENGLOBE, ENGLOVE, ENGORGE, ENGRAFT, ENGRAVE, ENIGMAS, ENJOYER, ENLARGE, ENLISTS, ENLIVEN, ENNOBLE, ENQUIRE, ENRAGED, ENRAGES, ENROBED, ENROBER, ENROUTE, ENSIGNS, ENSILED, ENSLAVE, ENSNARE, ENSNARL, ENSUANT, ENSURED, ENSURES, ENTAILS, ENTENTE, ENTERED, ENTERER, ENTHUSE, ENTICED, ENTICER, ENTICES, ENTIRES, ENTOMBS, ENTRANT, ENTRAPS, ENTREAT, ENTRIES, ENTROPY, ENTRUST, ENVENOM, ENVIERS, ENVIRON, ENVIOUS, ENVYING, EPHEDRA, EPICENE, EPIGRAM, EPISODE, EPITHET, EPITOME, EPOCHAL, EPONYMS, EPONYMY, EPOXIED, EPOXYED, EPSILON, EQUABLE, EQUALED, EQUALLY, EQUATED, EQUATOR, EQUERRY, EQUINOX, ERASERS, ERECTER, ERELONG, EREMITE, ERGOTIC, ERMINED, ERODING, EROSELY, EROSION, EROSIVE, EROTIZE, ERRANCY, ERRANDS, ERRATIC, ERRATUM, ERUCTED, ERUDITE, ERUPTED, ESCAPED, ESCAPEE, ESCAPER, ESCAPES, ESCHEWS, ESCORTS, ESCROWS, ESPANOL, ESPOUSE, ESPYING, ESQUIRE, ESSAYER, ESSENCE, ESTATES, ESTEEMS, ESTHETE, ESTONIA, ETATISM, ETCHERS, ETHANES, ETHANOL, ETHICAL, ETRURIA, EUGLENA, EUPHONY, EURASIA, EVADERS, EVADING, EVASION, EVENING, EVICTED, EVICTEE, EVICTOR, EVIDENT, EVILLER, EVOKING, EVOLVED, EVOLVER, EVOLVES, EXACTER, EXACTLY, EXACTOR, EXALTED, EXAMPLE, EXCEPTS, EXCISED, EXCITES, EXCLAIM, EXCLAVE, EXCLUDE, EXCRETA, EXCRETE, EXCUSED, EXCUSER, EXCUSES, EXEMPLA, EXEMPLI, EXEMPTS, EXERTED, EXHALES, EXHAUST, EXHUMED, EXHUMES, EXIGENT, EXILING, EXISTED, EXOGAMY, EXORDIA, EXOTICA, EXOTICS, EXOTISM, EXPANDS, EXPECTS, EXPENDS, EXPENSE, EXPERTS, EXPIATE, EXPIRED, EXPIRER, EXPIRES, EXPLAIN, EXPLOIT, EXPLORE, EXPORTS, EXPOSED, EXPOSER, EXPOSES, EXPOSIT, EXPOUND, EXPRESS, EXTENTS, EXTINCT, EXTRACT, EXTRUDE, EXUDING, EXULTED, EXURBAN, EXURBIA, EYEABLE, EYEBALL, EYEBOLT, EYEBROW, EYEHOLE, EYEHOOK, EYELESS, EYELETS, EYELIDS, EYEWASH, EYEWEAR, 

FABLERS, FABLING, FACEFUL, FACEOFF, FACIALS, FACINGS, FACTOID, FACTORY, FACTUAL, FADDISM, FADEOUT, FAIENCE, FAILING, FAINEST, FAINTED, FAINTER, FAIREST, FAIRING, FAIRISH, FAIRWAY, FAITHED, FAJITAS, FALAFEL, FALCONS, FALLING, FALLOFF, FALLOWS, FALSEST, FALSIFY, FALSITY, FALTERS, FAMILIA, FANATIC, FANCIER, FANFARE, FANNIES, FANTAST, FANTASY, FANWORT, FARADAY, FARAWAY, FARCING, FARMBOY, FARMERS, FARMING, FARRIER, FARROWS, FARTHER, FARTING, FASCIAE, FASCIAL, FASCISM, FASCIST, FASHION, FASTENS, FASTING, FATALLY, FATBACK, FATHOMS, FATIGUE, FATNESS, FATTIER, FATTILY, FATTING, FATUITY, FATUOUS, FAUCETS, FAULTED, FAUVIST, FAWNING, FEARFUL, FEARING, FEASANT, FEASTED, FEASTER, FEATHER, FEATURE, FEBRILE, REDERAL, FEDORAS, FEEDBAG, FEEDBOX, FEEDERS, FEEDING, FEELERS, FEELING, FEIGNED, FEIGNER, FEINTED, FELLATE, FELLING, FELLOWS, FEMALES, FEMORAL, FENCING, FENDERS, FENDING, FERMATA, FERMENT, FERMIUM, FERNERY, FERRETS, FERRETY, FERRIED, FERRITE, FERRULE, FERTILE, FERULED, FERVENT, FESSING, FESTOON, FETCHED, FETCHER, FETCHES, FEUDING, FEUDIST, FIANCEE, FIBERED, FIBROID, FIBROUS, FIBULAE, FIBULAS, FICTIVE, FIDDLED, FIDDLER, FIDDLES, FIDGETY, FIEFDOM, FIELDED, FIELDER, FIERIER, FIERILY, FIFTHLY, FIGHTER, FIGGING, FIGHTER, FIGURED, FIGURER, FIGURES, FIGWORT, FILAREE, FILBERT, FILETED, FILINGS, FILLERS, FILMDOM, FILMILY, FILTERS, FINABLE, FINAGLE, FINALES, FINALLY, FINANCE, FINDERS, FINDING, FINGERS, FINIALS, FINICAL, FINICKY, FINITES, FINLAND, FIREARM, FIREBOX, FIREBUG, FIREDOG, FIREFLY, FIRELIT, FIREPAN, FIREPIT, FIRINGS, FIRSTLY, FISHERS, FISHIER, FISHING, FISSION, FISSURE, FISTFUL, FISTING, FITNESS, FITTERS, FITTEST, FITTING, FIXABLE, FIXATED, FIXATES, FIXINGS, FIXTURE, FIZZERS, FIZZIER, FIZZLED, FIZZLES, FLAGGED, FLAGGER, FLAGMAN, FLAKERS, FLAKIER, FLAKILY, FLAKING, FLAMIER, FLAMING, FLAMMED, FLANGER, FLANKER, FLANNEL, FLAREUP, FLASHER, FLATBED, FLATCAR, FLATTED, FLATTEN, FLATTER, FLATTOP, FLAUNTS, FLAUNTY, FLAVORS, FLAVOUR, FLAWING, FLAXIER, FLAYERS, FLAYING, FLECKED, FLEECED, FLEECER, FLEEING, FLEERED, FLEETED, FLEETLY, FLEMISH, FLENSED, FLESHED, FLESHER, FLEXING, FLEXION, FLEXURE, FLICKED, FLIGHTY, FLINDER, FLINTED, FLIPPED, FLIRTED, FLITTED, FLOATER, FLOCKED, FLOGGED, FLOODER, FLOORED, FLOPPED, FLORETS, FLOSSED, FLOSSIE, FLOTIER, FLOUNCE, FLOUNCY, FLOURED, FLOUTED, FLOWAGE, FLOWERS, FLOWERY, FLOWING, FLUBBED, FLUENCY, FLUFFED, FLUIDAL, FLUIDIC, FLUIDLY, FLUKIER, FLUKING, FLULIKE, FLUMING, FLUMPED, FLUNKED, FLUNKEY, FLUSHED, FLUSHER, FLUSTER, FLUTERS, FLUTING, FLUTIST, FLUXING, FLYABLE, FLYAWAY, FLYOVER, FLYTRAP, FOALING, FOAMIER, FOBBING, FOCUSED, FOCUSER, FODDERS, FOGGERS, FOGGILY, FOGYISM, FOILING, FOISTED, FOLDAGE, FOLDERS, FOLIAGE, FOLIATE, FOLIOED, FOLLOWS, FOMENTS, FONDEST, FONDLED, FONDLER, FONDLES, FOOLERY, FOOLING, FOOLISH, FOOTAGE, FOOTBOY, FOOTIER, FOOTING, FOOTMEN, FOOTWAY, FOPPERY, FOPPING, FOPPISH, FORAGED, FORAGES, FORAMEN, FORAYED, FORAYER, FORBADE, FORBEAR, FORBODE, FORBORE, FORCEPS, FORDING, FOREBAY, FOREBYE, FOREGUT, FORELEG, FOREMAN, FOREMEN, FOREPAW, FORERUN, FORESAW, FORESEE, FORESTS, FORETOP, FOREVER, FORFEIT, FORFEND, FORGAVE, FORGERY, FORGING, FORGIVE, FORKFUL, FORKIER, FORKING, FORLORN, FORMANT, FORMATS, FORMERS, FORMICA, FORMULA, FORSAKE, FORSEEN, FORTIES, FORTIFY, FORTRAN, FORTUNE, FORWARD, FORWENT, FORWORN, FOSSATE, FOSSILS, FOSTERS, FOULEST, FOUNDER, FOUNDRY, FOURTHS, FOWLING, FOWLPOX, FOXFIRE, FOXFISH, FOXHOLE, FOXIEST,  FOXSKIN, FRACTAL, FRAGGED, FRAGILE, FRAILLY, FRAILTY, FRAMERS, FRAMING, FRANKED, FRANKLY, FRANTIC, FRAPPES, FRAUGHT, FRAYING, FRAZZLE, FRECKLE, FRECKLY, FREEBEE, FREEBIE, FREEDOM, FREEING, FREEMAN, FREEMEN, FREIGHT, FRESCOS, FRESHED, FRESHER, FRESHET, FRESHLY, FRETFUL, FRIABLE, FRIDGES, FRIENDS, FRIGATE, FRIGHTS, FRIJOLE, FRILLED, FRINGED, FRINGES, FRISKED, FRISSON, FRITTED, FRITTER, FRIZZED, FRIZZES, FRIZZLE, FRIZZLY, FROCKED, FROGEYE, FROGGED, FROGMAN, FROMAGE, FRONTED, FROSTED, FROWARD, FROWNED, FROWNER, FROWSTY, FUBBING, FUDDLED, FUDGING, FUEHRER, FUELING, FUELLED, FUELLER, FUGALLY, FUGGIER, FUGUING, FUHRERS, FULCRUM,FULFILL, FULGENT, FULLEST, FULLFIL, FULLING, FULSOME, FUMARIC, FUMBLED, FUMBLER, FUNERAL, FUNFAIR, FUNGOID, FUNKIER, FUNKING, FUNNELS, FUNNEST, FUNNIER, FUNNING, FURBALL,FURBISH, FURIOUS, FURLONG, FURNACE, FURNISH, FURRILY, FURTHER, FURZIER,  FUSIBLE, FUSIBLY, FUSSIER, FUSSING,  FUSSPOT, FUSTIAN, FUSTIER, FUSTILY, FUTURES, FUZZIER, FUZZILY, FUZZING, 

GABBERS, GABBING, GABRIEL, GADDING, GADGETY, GAGGERS, GAGGING, GAGGLED, GAGSTER, GAINERS, GAINING, GAITING, GALAHAD, GALATEA, GALENIC, GALILEE, GALILEI, GALILEO, GALLANT, GALLEON, GALLERY, GALLEYS, GALLIED, GALLING, GALLIUM, GALLONS, GALLOPS, GALLOWS, GAMBIAN, GAMBLER, GAMBLES, GAMBREL, GAMELAN, GAMETES, GANACHE, GANDERS, GANGING, GANGREL, GANGWAY, GAOLING, GAPPIER, GARAGED, GARAGES, GARBAGE, GARBING, GARBLED, GARBLER, GARBLES, GARDENS, GARGLES, GARLAND, GARLICS, GARMENT, GARNERS, GARNETS, GARNISH, GARROTE, GASEOUS, GASOHOL, GASPING, GASSING, GATEMAN, GATEMEN, GATEWAY, GAUDERY, GAUNTER, GAUZILY, GAVELED, GAVELER, GAVOTTE, GAWKERS, GAWKIER, GAWKISH, GAZEBOS, GAZELLE, GAZETTE, GEARBOX, GEARING, GEFILTE, GEISHAS, GELATIN, GELDING, GELIDLY, GELLING, GEMMILY, GENERAL, GENERIC, GENESIS, GENITAL, GENOMES, GENOMIC, GENTIAN, GENTEEL, GENTIAN, GENTLED, GENUINE, GEODUCK, GEOIDAL, GEOLOGY, GEORGIA, GEORGIC, GEOTAXY, GERBILS, GERMIER, GESTALT, GESTAPO, GESTURE, GETAWAY, GETTING, GEYSERS, GHASTLY, GHERKIN, GHOSTED, GHOSTLY, GIBBETS, GIDDILY, GIGABIT, GIGATON, GIGGLED, GILDING, GILLIED, GILLING, GILLNET, GIMPING, GINGERY, GINGHAM, GINNIER, GIPPING, GIRDERS, GIRDING, GIRDLED, GIRDLER, GIRDLES, GIRLISH, GIRTHED, GIZZARD, GJETOST, GLACEED, GLACIAL, GLADDEN, GLADDER, GLADIER, GLAIVES, GLANCED, GLANCES, GLARIER, GLARING, GLASGOW, GLASSED, GLASSES, GLASSIE, GLAZING, GLEAMED, GLEANED, GLEANER, GLEEFUL, GLEEMAN, GLEEMEN, GLIBBER, GLIDERS, GLIDING, GLIMPSE, GLINTED, GLISTEN, GLISTER, GLITTER, GLOATER, GLOBATE, GLOBOSE, GLOBULE, GLOMMED, GLOOMED, GLORIAM, GLORIED, GLORIES, GLORIFY, GLOSSES, GLOTTAL, GLOVERS, GLOVING, GLUCOSE, GLUEING, GLUIEST, GLUMMER, GLUTEUS, GLUTTED, GLUTTON, GNARLED, GNASHED, GNASHES, GNAWING, GNOMISH, GOALING, GOATEED, GOATEES, GOATISH, GOBBLER, GOBBLES, GOBLETS, GOBLINS, GODDARD, GODDING, GODHOOD, GODLIER, GODLIKE, GODSEND, GODSHIP, GODSONS, GOGGLED, GOLDURN, GOLFERS, GOLFING, GONADAL, GONDOLA, GOODBYE, GOODIES, GOODISH, GOODMEN, GOOFIER, GOOSIER, GOPHERS, GORGING, GORILLA, GORSIER, GOSHAWK, GOSLING, GOSPELS, GOSSIPY, GOULASH, GOURAMI, GOUTIER, GRABBER, GRACING, GRACKLE, GRADUAL, GRADERS, GRADING, GRADUAL, GRAFTER, GRAINED, GRAINER, GRAMMAR, GRANARY, GRANDAD, GRANDAM, GRANDEE, GRANDMA, GRANGER, GRANITE, GRANNIE, GRANTEE, GRANTER, GRANTOR, GRAPERY, GRAPHED, GRAPHIC, GRAPIER, GRASPED, GRASPER, GRASSED, GRATING, GRATINS, GRAUPEL, GRAVELS, GRAVERS, GRAVEST, GRAVITY, GRAVURE, GRAYEST, GRAYING, GRAYISH, GRAZERS, GRAZIER, GRAZING, GREATEN, GREATER, GREAVED, GREAVES, GRECIAN, GREENED, GREENER, GREENLY, GREETED, GREETER, GREMLIN, GRENADE, GREYING, GREYISH, GRIDDLE, GRIEVED, GRIEVER, GRIEVES, GRIFFIN, GRIFFON, GRILLED, GRIMACE, GRIMIER, GRIMILY, GRIMING, GRIMMER, GRINDED, GRINDER, GRINNED, GRIPERS, GRIPIER, GRIPPLE, GRISTLE, GRISTLY, GRITTED, GROCERS, GROCERY, GROGRAM, GROINED, GROOMER, GROOVES, GROPERS, GROSSED, GROSSER, GROSSES, GROSSLY, GROTTOS, GROUCHY, GROUPED, GROUPER, GROUPIE, GROUSER, GROUTER, GROVELS, GROWERS, GROWING, GROWLER, GROWNUP, GROWTHS, GRUBBER, GRUELED, GRUELER, GRUFFER, GRUFFLY, GRUMBLE, GRUMBLY, GRUMPED, GRUNION, GRUNTED, GRUNTER, GRUNTLE, GRUTTEN, GRYPHON, GUANINE, GUERDON, GUESSED, GUIDING, GUILDER, GUILDRY, GUILING, GUINEAN, GULFIER, GULLETS, GULLIED, GULPIER, GUMBOIL, GUMDROP, GUMMING, GUMSHOE, GUMWEED, GUNKING, GUNLOCK, GUNNERY, GUNNING, GUNROOM, GUNSHIP, GUNSHOT, GUNWALE, GUPPIES, GURGLES*, GURNEYS, GUSHERS, GUSHIER, GUSHING, GUSTIER, GUSTILY, GUSTING, GUTLIKE, GUTSIER, GUTTERS, GUTTERY, GUTTIER, GUTTING, GUZZLED,  GWEDUCK, GYMNAST, GYPPING, GYPSIED, GYRATED, GYRATES, 

HABITAT, HABITUE, HACKERS, HACKLED, HACKMEN, HACKNEY, HACKSAW, HAFTING, HAGFISH, HAGGING, HAGGISH, HAGGLED, HAGGLER, HAGRIDE, HAGRODE, HAHNIUM, HAIRCUT, HAIRPIN, HALBERD, HALFWAY, HALIBUT, HALIFAX, HALLOED, HALLOWS, HALOGEN, HALOIDS, HALTERS, HALTING, HALVING, HALYARD, HAMBURG, HAMMERS, HAMMIER, HAMMILY, HAMMOCK, HAMPERS, HAMSTER, HANDBAG,  HANDCAR, HANDFUL, HANDILY, HANDING, HANDOFF, HANDOUT, HANDSET, HANGDOG, HANGING, HANGMAN, HANGOUT, HANGTAG, HANKERS, HANKIES, HANKING, HANUMAN, HAPLESS, HAPPENS, HAPPIER, HAPPILY, HAPPING, HARBORS, HARDEST, HARDHAT, HARDIER, HARDING, HARDSET, HARELIP, HARKENS, HARMFUL, HARMING, HARPIES, HARPING, HARPIST, HARPOON, HARRIED, HARRIER, HARRIES, HARRIET, HARROWS, HARSHER, HARSHLY, HARVEST, HASHING, HASIDIC, HASIDIM, HASPING, HASSLED, HASSLES, HASSOCK, HASTIER, HASTILY, HASTING, HATBAND, HATCHED, HATCHER, HATCHES, HATEFUL, HATLESS, HATSFUL, HATTERS, HAUGHTY, HAULERS, HAULIER, HAULING, HAVIOUR, HAWKEYE, HAWKING, HAYFORK, HAYLOFT, HAYRICK, HAYRIDE, HAYSEED, HAYWIRE, HAZARDS, HAZIEST, HEADERS, HEADFUL, HEADIER, HEADILY, HEADMAN, HEADMEN, HEADSET, HEADWAY, HEALERS, HEALING, HEALTHY, HEAPING, HEARERS, HEARING, HEARKEN, HEARSAY, HEARSED, HEARSES, HEARTED, HEARTEN, HEARTHS, HEATHER, HEATING, HEAVILY, HECKLED, HECKLER, HECTARE, HEDGERS, HEDGIER, HEDGING, HEDONIC, HEEDERS, HEEDING, HEELING, HEFTIER, HEFTILY, HEFTING,  HEGEMON, HEIGHTH, HEIGHTS, HEILING, HEINOUS, HEIRING, HEISTER, HELICAL, HELICON, HELIPAD, HELIUMS, HELIXES, HELLCAT, HELLENE, HELLOED, HELLOES, HELPFUL, HELLUVA, HELMETS, HELMING, HELOTRY, HELPING, HELVING, HEMATIN, HEMIOLA, HEMLOCK, HEMPIER, HENCOOP, HENNERY, HEPBURN, HERBAGE, HERBALS, HERBERT, HERBIER, HERDERS, HERDMAN, HERDMEN, HERETIC, HERMITS, HERNAIE, HEROISM, HEROIZE, HERRING, HERSELF, HESSIAN, HETAERA, HEXAGON, HEXAPOD, HICCUPS, HICKEYS, HIDALGO, HIDEOUS, HIGHBOY, HIGHEND, HIGHEST, HIGHTED, HIGHWAY, HIJACKS, HIJINKS, HILLIER, HILLING, HILLOCK, HILLTOP, HILTING, HIMSELF, HINDERS, HINDGUT, HINGING, HINNIED, HINTERS, HINTING HIPLINE, HIPPEST, HIPPISH, HIPSHOT, HISSELF, HISSERS, HISSING, HISTING, HITCHES, HITLESS, HITTERS, HITTING, HOAGIES, HOARDED, HOARDER, HOARILY, HOARSEN, HOAXERS, HOAXING, HOBBLER, HOBBLES, HOBNAIL, HOBOING, HOBOISM, HOCKING, HOCUSED, HOECAKE, HOEDOWN, HOGBACK, HOGGISH, HOGTIED, HOGTIES, HOISTER, HOLDALL, HOLDING, HOLDOUT, HOLDUPS, HOLIDAY, HOLIEST, HOLLERS, HOLMIUM, HOLSTER, HOLYDAY, HOMAGED, HOMAGES, HOMERIC, HOMERUN, HOMINEM, HOMINID, HOMOLOG,  HOMONYM, HONKING, HONORER, HOODLUM, HOOFING, HOOKAHS, HOOKIER, HOOKUPS, HOOPERS, HOOPING, HOORAHS, HOOSGOW, HOPEFUL, HOPHEAD, HOPLITE, HORIZON, HORNETS, HORNING, HORRIFY, HORSIER, HORSILY, HOSANNA, HOSIERY, HOSPICE, HOSTELS, HOSTILE, HOSTLER, HOTCAKE, HOTFOOT, HOTHEAD,  HOTLINE, HOTSHOT, HOTSPOT, HOTSPUR, HOTTEST, HOTTING, HOTTISH, HOUNDED, HOUSTON, HOVERER, HOWEVER, HOWLING, HUBCAPS, HUCKING, HUDDLED, HUDDLER, HUFFING, HUFFISH, HULLING, HULLOED, HUMANER, HUMANLY, HUMBLED, HUMBLER, HUMBLES, HUMERAL, HUMERUS, HUMIDOR, HUMMERS, HUMMING, HUMMOCK, HUMORAL, HUMORER, HUMPHED, HUNCHES, HUNGARY, HUNKERS, HUNNISH, HUNTING, HUNTLEY, HURDLED, HURLERS, HURRIER, HURRIES, HURTERS, HURTFUL, HUSBAND, HUSHABY, HUSHFUL, HUSKIER, HUSKILY, HUSKING,HUSTLED, HUSTLER,  HUSTLES, HUTCHED, HUTTING, HUTZPAH, HUZZAED, HYDRANT, HYDRATE, HYDRIDE, HYDROUS, HYMNING, HYMNIST, HYMNODY, HYPHENS, HYPNOID, HYPOING, HYPOXIC,

IAMBICS, IBERIAN, ICEBERG, ICEBOAT, ICEFALL, ICICLED, ICINESS, ICKIEST, IDEALLY, IDEATED, IDIOTIC, IDOLISE, IDOLISM, IDOLIZE,  IDYLIST, IGNEOUS, IGNITED, IGNITER, IGNITES, IGNOBLE, IGNOBLY, IGNORED, IGNORER, IGNORES, IGUANAS, IKEBANA, ILLEGAL, IMAGERS, IMAGINE, IMAGING, IMAGIST, IMBIBER, IMBRIUM, IMBRUED, IMBUING, IMBURSE, IMITATE, IMMENSE, IMMERSE, IMMIXED, IMMORAL, IMMUNES, IMMURED, IMMURES, IMPAIRS, IMPALED, IMPALER, IMPANEL, IMPARTS, IMPASSE, IMPEACH, IMPEARL, IMPEDED, IMPEDER, IMPENDS, IMPERIA, IMPERIAL, IMPERIL, IMPETUS, IMPIETY, IMPINGE, IMPIOUS, IMPLANT,  IMPLIED, IMPLIES, IMPLORE, IMPORTS, IMPOSED, IMPOSER, IMPOSTS, IMPREST, IMPRINT, IMPULSE, IMPUTES, INANELY, INANEST, INAPTLY, INBOXES, INBUILT, INCASED, INCENSE, INCHING, INCISOR, INCITED, INCLUDE, INCOMES, INCUBUS, INCURVE, INDENTS, INDEPTH, INDEXED, INDEXER, INDEXES, INDICTS, INDIGOS, INDITER, INDOORS, INDORSE, INDOWED, INDRAFT, INDRAWN,  INDUCTS, INDULGE,  INERTIA, INFANCY, INFANTS, INFARCT, INFECTS, INFERNO, INFESTS, INFIDEL, INFIELD, INFLATE, INFLECT, INFLICT, INFLOWS, INFRACT, INFUSER, INFUSES, INGENUE, INGESTS, INGOING, INGRAFT, INGRAIN, INGRATE, INGRESS, INGROUP, INGROWN, INHABIT, INHALED, INHALES, INHERED, INHERIT, INHIBIT, INHOUSE, INHUMAN, INHUMER, INJURED, INJURER, INJURES, INKBLOT, INKJETS, INKLING, INKWELL, INLANDS, INMATES, INNERLY, INNINGS, INPHASE, INQUIRE, INQUIRY, INSANER, INSEAMS, INSECTS, INSERTS, INSIGHT, INSIPID, INSOFAR, INSOLES, INSPECT, INSPIRE, INSTALL, INSTATE, INSTEAD, INSTEPS, INSULAR, INSURED, INSURER, INTAGLI, INTEGER, INTENDS, INTENTS, INTERIM, INTERNS, INTONED, INTROIT, INTRUDE, INTUITO, INURING, INVADED, INVADER, INVADES, INVALID, INVEIGH, INVENTS, INVERSE, INVERTS, INVESTS, INVITEE, INVITER, INVITES, INVOKED, INVOKER, INVOLVE, INWARDS, IODIDES, IODIZED, IODIZER, IODIZES, IONIZED, IONIZER, IRATELY,  IRATEST, IRIDIUM, IRISING, IRKSOME, IRONIES, IRONING, IRONIST, IRONMAN, ISLANDS, ISOGAMY, ISOMERS, ISOTOPY, ISSUANT, ISSUERS, ISTHMIC, ISTHMUS, ITCHIER, ITCHING, ITERANT, ITERATE, IVORIES, 

JABBERS, JABBING, JACINTH, JACKALS, JACKDAW, JACKETS, JACKING, JACKLEG, JACKSON, JACOBIN, JADEDLY, JAGGERY, JAGGING, JAGUARS, JAILING, JAMBING, JANEIRO, JANGLED, JANGLER, JANITOR, JARGONS, JARRING, JARSFUL, JAUNTED, JAVELIN, JAWBONE, JAWLINE, JAYBIRD, JAZZMEN, JEALOUS, JEJUNAL, JEOPARD, JELLIED, JEMMIED, JERKILY, JERKING, JESTERS, JESTFUL, JETPORT, JETSAMS, JETTING, JEWELRY, JIGGLED, JIGSAWN, JIGSAWS, JILTING, JIMMINY, JINGLER, JINXING, JOBLESS, JOCKEYS, JOCULAR, JODHPUR, JOGGING, JOGGLED, JOGGLER, JOINERS, JOINING, JOINTED, JOINTER, JOINTLY, JOISTED, JOLLIER, JOLLIFY, JOLLILY, JOLLITY, JOLTILY, JONQUIL, JOSHING, JOSTLED, JOSTLER, JOSTLES, JOTTERS, JOURNAL, JOWLIER, JOYANCE, JOYLESS, JOYRODE, JUBILEE, JUDGERS, JUDOIST, JUGGING, JUGGLED, JUGGLER, JUICIER, JUJITSU, JUJUBES, JUJUIST, JUKEBOX, JUMBLER, JUMBUCK, JUMPERS, JUMPILY, JUMPING, JUMPOFF, JUNGLED, JUNIORS, JUNIPER, JUNKERS, JUNKIER, JUNKING, JUNKMAN, JUNKMEN, JUPITER, JURATOR, JURIDIC, JURYMAN, JUSTEST, JUSTIFY, JUTTING, JUVENAL, 

KABBALA, KACHINA, KAISERS, KAJEPUT, KALIMBA, KANTIAN, KATYDID, KAYAKED, KAYAKER, KEDGING, KEELING, KEENING, KEEPING, KEESTER, KEISTER, KELPING, KENNING, KERCHOO, KERFING, KERNING, KETONES, KEYNOTE, KEYPADS, KEYWORD, KIBBLED, KIBBLES, KIBBUTZ, KICKERS, KICKING, KICKOFF, KIDNEYS, KIDSKIN,  KIESTER, KILLDEE, KILLERS, KILLING, KILNING, KILOBIT, KILORAD, KILTING, KINDEST, KINDLED, KINDLES, KINESES, KINESIC, KINESIS, KINFOLK, KINGDOM, KINGLET, KINKIER, KINSHIP, KINSMAN, KINSMEN, KIRKMAN, KIRKMEN, KISMETS, KISSERS,  KISSING, KITHARA, KITHING, KITLING, KITSCHY, KITTING, KLUDGED, KNACKER, KNAPPER, KNAVERY, KNEADED, KNEADER, KNEECAP, KNEELER, KNEEPAD, KNEEPAN, KNIFERS, KNIGHTS, KNITTED, KNITTER, KNOCKED, KNOTTED, KNOWERS, KNOWHOW, KNOWING, KNUCKLY, KOLKHOZ, KOOKIER, KREMLIN, KRISHNA, KRYPTON, KUMQUAT, KUMSHAW, 

LABELER, LABELLA, LABIATE, LABORED, LABORER, LACEIER, LACIEST, LACKERS, LACKING, LACONIC, LACQUER, LACTEAL, LACTOSE, LACUNAE, LACUNAR, LADANUM, LADENED, LADINGS, LADLERS, LADRONE,  LADYBUG, LADYISH, LAGGERS, LAGOONS, LAIRING, LAISSEZ, LAKEBED, LAKIEST, LAMBAST, LAMBDAS, LAMBERT, LAMBING, LAMELLA, LAMENTS, LAMINAE, LAMINAL, LAMINAR, LAMPING, LAMPLIT, LANCERS, LANDERS, LANDING, LANGLEY, LANGUID, LANIARD, LANKEST, LANKIER, LANKILY, LANOLIN, LANSING, LANYARD, LAPPING, LAPSING, LARDIER, LARDING, LARGELY, LARGEST, LARGISH, LARKIER, LARKING, LASAGNA, LASERED, LASHING, LASSOED, LASSOER, LASTEST, LASTING, LATCHED, LATCHES, LATENCY, LATENED,  LATENTS, LATESTS, LATEXES, LATHERS, LATHERY, LATHIER, LATHING, LATRINE, LATTICE, LAUDING, LAUGHED, LAUGHER, LAUNDER, LAUNDRY, LAURELS, LAWLIKE, LAWYERS, LAXNESS, LAYERED, LAYOFFS, LAZYING, LAZYISH, LEACHED, LEACHER, LEACHES, LEADERS, LEADING, LEADOFF, LEAFAGE, LEAFIER, LEAFING, LEAFLET, LEAGUED, LEAGUER, LEAKAGE, LEAKIER, LEAKILY, LEAKING, LEANEST, LEAPERS, LEAPING, LEARNED, LEARNER, LEASERS, LEASHED, LEASING, LEATHER, LEAVERS, LEAVING, LECHERY, LECTURE, LEDGERS, LEDGIER, LEECHES, LEERIER, LEERILY, LEERING, LEEWAYS, LEFTISH, LEFTIST, LEGALLY, LEGATOR, LEGENDS, LEGGIER, LEGHORN, LEGIBLY, LEGLESS, LEGWORK, LEISTER, LEISURE, LEMPIRA, LENDERS, LENGTHY, LENIENT, LENSING, LENTILS, LEOPARD, LEOTARD, LEPROSE, LEPROSY, LESIONS, LESSENS, LESSONS, LETCHER, LETDOWN, LETHEAN, LETTERS, LETTUCE, LEUCOMA, LEUKOMA, LEVELLY, LEVERED, LEWDEST, LIAISED, LIAISON, LIBBING, LIBELED, LIBERAL, LIBERIA, LIBERTY, LIBIDOS, LIBITUM, LIBRATE, LICENCE, LICENSE, LICHEES, LICHENS, LICITLY, LICKERS, LICKETY,  LICKING, LIDLESS, LIEFEST, LIFEWAY, LIFTERS, LIFTING, LIFTMAN, LIGHTED, LIGHTEN, LIGHTER, LIGHTLY, LIKABLE, LIKINGS, LILTING, LIMBECK, LIMBIER, LIMBING, LIMEADE, LIMIEST, LIMINAL, LIMITED, LIMITER,  LIMNING, LIMPERS, LIMPEST, LIMPING, LINABLE, LINDANE, LINECUT, LINEMAN, LINEMEN, LINEUPS, LINGERS, LINGIER, LINGUAL, LINGULA, LININGS, LINKAGE, LINKING, LINKMAN, LINKUPS, LINSEED, LINTIER, LIONESS, LIONISE, LIPPIER, LIQUATE, LIQUEFY,  LIQUEUR, LIQUIDS, LIQUIDY, LIQUORS, LISPING, LISSOME, LISTENS, LISTERS, LISTING, LITERAL, LITHELY, LITHIUM, LITTERS, LITTERY, LIVABLE, LIVENED, LIVENER, LIVERED, LIVIDLY, LIZARDS, LOACHES, LOADERS, LOAFERS, LOAFING, LOAMIER, LOANING, LOATHED, LOATHER, LOATHES, LOATHLY, LOBBIED, LOBBIES, LOBBING, LOBEFIN, LOBSTER, LOBULAR, LOCALES, LOCALLY, LOCATED, LOCATER, LOCATES, LOCKAGE, LOCKBOX, LOCKERS, LOCKETS, LOCKING, LOCKJAW, LOCOING, LODGERS, LOFTIER, LOGBOOK, LOGGERS, LOGGING, LOGGIER, LOGICAL, LOGIEST, LOGROLL, LOGWOOD, LOLLING, LONGBOW, LONGEST, LONGING, LONGISH, LOOFAHS, LOOKERS, LOOKING, LOOKOUT,  LOOKUPS, LOOMING, LOONIES, LOOPERS, LOOPIER, LOOPING, LOOSELY, LOOSEST, LOOSING, LOOTERS, LOOTING, LOPPERS, LOQUATS, LORDING, LOSABLE, LOTIONS, LOTTERY, LOTTING, LOTUSES, LOUDEST, LOUDISH, LOUNGED, LOUNGES, LOUPING, LOUSIER, LOUSILY, LOVABLE, LOVABLY, LOVERLY, LOWBALL, LOWBORN, LOWBRED, LOWBROW, LOWERED, LOWLAND, LOWLIFE, LOYALLY, LOZENGE, LUCERNE, LUCIDLY, LUCIFER, LUCKIER, LUCKILY, LUDDITE, LUFFING, LUGGAGE, LULLABY, LUMBARS, LUMBERS, LUMINAL, LUMPERS, LUMPIER, LUMPILY, LUMPING, LUMPISH, LUNARIA, LUNATIC, LUNCHER, LUNCHES, LUNETTE, LUNGING, LUNIEST, LUPINES, LURCHER, LURIDLY, LURKERS, LURKING, LUSHEST, LUSHING, LUSTERS, LUSTING, LUSTRAL, LUSTRED, LUSTRES, LYRATED, 

MACABRE, MACHETE, MACHINA, MACHREE, MADDENS, MADDEST, MADEIRA, MADISON, MADNESS, MADONNA, MADRONE, MADWORT, MAFIOSO, MAGENTA, MAGGOTS, MAGNATE, MAGNETO, MAGNETS,  MAGNUMS, MAHATMA, MAHOMET, MAHONIA, MAIDENS, MAIDISH, MAILING, MAILLOT, MAIMERS, MAINTOP, MAJESTY, MAJORED, MAKINGS, MALARIA, MALEFIC, MALICES, MALLETS, MALIGNS, MALODOR, MALTASE, MALTEDS, MALTING, MALTOSE, MAKEOUT, MAMMALS, MAMMARY, MAMMOTH, MANACLE, MANAGED, MANAGER, MANATEE, MANDALA, MANDATE, MANDRIL, MANGERS, MANGILY, MANGLED, MANHOLE, MANIACS, MANIKIN, MANILLA, MANITOU, MANKIND, MARACAS, MARINER, MANLIER, MANLIKE, MANNING, MANPACK, MANSION, MANTELS, MANTLES, MANUALS, MANURED, MARABOU, MARBLED, MARBLER, MARBLES, MARCHED, MARGENT, MARGINS, MARIMBA, MARINAS, MARINES, MARITAL, MARKERS, MARKKAA, MARLINE, MARMITE, MARMOTS, MARQUEE, MARQUIS, MARSHAL, MARSHES, MARTIAL, MARTING, MARTINI, MASCARA, MASCOTS, MASHERS, MASHING, MASKING, MASONRY, MASSIER, MASSING, MASTERS, MASTERY, MATERIA, MATINAL, MATINEE, MATINGS, MATTERS, MATTING, MATURER, MAULERS, MAUNDER, MAXIMAL, MAXIMIM, MAXIMUM, MAXWELL, MAYWEED, MAZEDLY, MAZIEST, MAZURKA, MEADOWS, MEANING, MEASLES, MEATIER, MEATILY, MEDALED, MEDDLED, MEDEVAC, MEDIACY, MEDICAL, MEDIUMS, MEDLEYS, MEDUSAN, MEEKEST, MEERKAT, MEETING, MEGABIT, MEGAPOD, MEGATON, MEIOSIS, MELANIN, MELDERS, MELDING, MELLOWS, MELTAGE, MEMBERS, MEMENTO, MENACER, MENDERS, MENIALS, MENISCI, MENTHOL, MERCURY, MERGERS, MERGING, MERITED, MERRIER, MERRILY, MESAZOA, MESSAGE, MESSIAH, MESTIZA, MESTIZO, METALAW, METALED, METAZOA, METERED, METHYLS, METONYM, METRICS, METRIFY, METRING, METRIST, METTLES, MIAOUED, MIASMAL, MICRONS, MIDBODY, MIDDAYS, MIDDLER, MIDFOOT, MIDLAND, MIDLIFE, MIDMOST, MIDRIFF, MIDSIZE, MIDSTEP, MIDTOWN, MIDWEST, MIGRANT, MIGRATE, MILEAGE, MILIEUX, MILKERS, MILKMAN, MILKSOP, MILLDAM, MILLERS, MILLRUN, MIMETIC, MIMICAL, MIMICRY, MINARET, MINCIER, MINCING, MINDSET, MINERAL, MINGLED, MINIBUS, MINIKIN, MINIMAX, MINIVAN, MINTIER, MINTING, MINUEND, MINUTED, MINUTER, MINUTES, MIOCENE, MIREAGE, MIRKEST, MIRKIER, MIRRORS, MISCALL, MISCAST, MISCUED, MISDEAL, MISDONE, MISHEAR, MISLAID, MISLAIN, MISLEAD, MISLIKE, MISMARK, MISMATE, MISPLAY, MISREAD, MISSAID, MISSILE, MISSING, MISSION, MISSIVE, MISTBOW, MISTERM, MISTING, MISTOOK, MISTUNE, MISTYPE, MISUSER, MITERED, MITRING, MITTENS, MITZVAH, MIXTAPE, MIXTURE, MOANING, MOBILES, MOBILIA, MOCKERS, MOCKERY, MOCKUPS, MODESTY, MODULAR, MODULUS, MOISTEN, MOISTER, MOLDERS, MOLDING, MOLIERE, MOLLIFY, MOLLUSC, MOLLUSK, MOMENTS, MONADAL, MONADIC, MONARCH, MONEYED, MONGOLS, MONITOR, MONKERY, MONOCLE, MONOCOT, MONOLOG, MONOMER, MONSOON, MONTAGE, MONTHLY, MOOCHED, MOOCHER, MOODIER, MOODILY, MOONILY, MOONLIT, MOORAGE, MOORIER, MOPEDER, MOPIEST, MOPPERS, MORALES, MORDANT, MORDENT, MORONIC, MORPHIA, MORPHIC, MORROWS, MORSELS, MORTARS, MORTARY, MORTICE, MORTIFY, MOSHING, MOSSIER, MOTHERY, MOTIONS, MOTIVIC, MOTORIC, MOTTLED, MOUNDED, MOUNTED, MOUNTER, MOUNTIE, MOURNED, MOUSIER, MOVABLE, MUCKIER, MUCKING, MUDDILY,  MUDDLED, MUDFLAT, MUDHOLE, MUDSILL, MUFFLER, MUGGERS, MUGGILY, MULATTO, MULCTED, MULLING, MUMBLED, MUMMERY, MUMMIED, MUMMIES, MUMMIFY, MUMMING, MUNCHER, MUNSTER, MURKEST, MURKIER, MURTHER, MUSEFUL, MUSETTE, MUSHILY, MUSSELS, MUSSIER, MUSTERS, MUSTING, MUTAGEN, MUTUALS, MUZZLED, MUZZLER, MUZZLES, MYELOMA, MYNHEER, MYRRHIC,

NACELLE, NAGGERS, NAGGING, NAILING, NAILSET, NAIVEST, NAIVETY, NAKEDLY, NAMETAG, NANKEEN, NANKING, NANNIES, NAPHTHA, NAPPERS, NAPTIME, NARKING, NARTHEX, NARWHAL, NASALLY, NASTILY, NATALLY, NATIONS, NATIVES, NATTIER, NATTILY, NATURAL, NATURED, NATURES, NAUGHTS, NAUGHTY, NAUSEAM, NAUTILI, NEAREST, NEARING, NEBBISH, NECKING, NECKTIE, NECTARS, NECTARY, NEEDFUL, NEEDIER, NEEDILY, NEEDING, NEEDLES, NEGATER, NEGATES, NEGATOR, NEGLECT, NEIGHED, NEMESIS, NEOLITH, NEONATE, NEOTENY, NEPHEWS, NEPOTIC, NEREIDS, NERVATE, NERVIER, NERVILY, NERVING, NERVOUS, NESTERS, NESTING, NESTLED, NESTLER, NESTLES, NETBOOK, NETTIER, NETTLED, NETTLER, NEUTERS, NEUTRON, NEWNESS, NEWSBOY, NEXUSES, NIACINS, NIAGARA, NIBBLES, NICHING, NICKING, NIGGLED, NIGHEST, NIGHING,  NIGHTER, NILLING, NIMBLER, NINEPIN, NINTHLY, NIPPERS, NIPPIER, NIPPILY, NIRVANA, NITPICK, NITRATE, NITRIDE, NITRILE, NITROUS, NOBBIER, NOBBLED, NOBLEST, NODALLY, NODDERS, NODULAR, NOGGINS, NOIRISH, NOISIER, NOISILY, NOMADIC, NOMINEE, NONCASH, NONFOOD, NONLIFE, NONSLIP, NONWORD, NONZERO, NOODLES, NOONDAY, NOONING, NORFOLK, NORTHER, NOSEGAY, NOSIEST, NOTABLY, NOTATED, NOTCHED, NOTCHER, NOTEPAD, NOTICES, NOUMENA, NOURISH, NOVELLY, NOVELTY, NOWHERE, NOXIOUS, NOZZLES, NUANCES, NUCLEAR, NUCLEIC, NUCLEIN, NUCLEON, NUCLEUS, NUDGING, NULLIFY, NULLING, NULLITY, NUMBERS, NUMBEST, NUMERAL, NUNNERY, NUNQUAM, NURSERY, NURSING, NURTURE, NUTMEAT, NUTMEGS, NUTTIER, NUZZLED, NUZZLES, NYMPHAL, NYMPHET,

OARLOCK, OATCAKE, OATMEAL, OBELISK, OBESITY, OBEYERS, OBJECTS, OBLIGEE, OBLIGES, OBLONGS, OBLOQUY, OBOVATE, OBOVOID, OBSCURE, OBSEQUY, OBSERVE, OBTRUDE, OBVERSE, OBVIOUS, OCARINA, OCCULTS, OCCURED, OCEANID, OCELOTS, OCHERED, OCHROID, OCTAVAL, OCTETTE, OCTOPOD, OCTOPUS, OCULARS, ODALISK,  ODDMENT, ODDNESS, ODORANT, ODORFUL, ODOROUS, OEDIPUS, OFFCAST, OFFERED, OFFEROR, OFFHAND, OFFICER, OFFINGS, OFFLOAD, OFFROAD, OFFSITE, OGHAMIC, OGREISH, OILHOLE, OILMEN, OILSEED, OLDNESS, OLIVINE, OLOGIST, OLYMPIC, OMICRON, OMIKRON, OMNIBUS, OMPHALI, ONANISM, ONANIST, ONBOARD, ONEROUS, ONETIME, ONGOING, ONSHORE, ONSTAGE, ONWARDS, OOZIEST, OPACIFY, OPENERS, OPERAND, OPERANT, OPERATE, OPINING, OPPOSER, OPTICAL, OPTIMAL, OPTIMUM, OPTIONS, ORACLES, ORALITY, ORALOGY, ORANGES, ORATION, ORATORY, ORATRIX, ORBITAL, ORBITED, ORBITER, ORCHARD, ORCHIDS, ORDAINS, ORDEALS, ORDERED, ORDERER, ORDINAL, ORGANDY, ORGANZA, ORIENTS, ORIFICE, ORIGAMI, ORIGINS, ORIOLES, OROTUND, ORTOLAN, OSCULAR, OSCULUM, OSMOSIS, OSMOTIC, OSPREYS, OSSUARY, OSTRICH, OUGHTED, OURSELF, OUSTING, OUTAGES, OUTBACK, OUTBIDS, OUTCAST, OUTDOES, OUTDRAW, OUTDREW, OUTFITS, OUTFLEW, OUTINGS, OUTLAWS, OUTLAYS, OUTLEAP, OUTLIER, OUTLIVE, OUTLOOK, OUTMODE, OUTPACE, OUTPOST, OUTRACE, OUTRANK, OUTRUSH,  OUTSELL, OUTSETS, OUTSIDE, OUTSOLD, OUTSTAY, OUTSWAM, OUTSWIM, OUTTAKE, OUTVOTE, OUTWARD, OUTWEAR, OUTWITS, OUTWORK, OUTWORN, OVARIAN, OVARIES, OVATION, OVERACT, OVERAGE, OVERARM, OVERATE, OVERBUY, OVERDID, OVEREAT, OVERFED, OVERFLY, OVERLAY, OVERLIE, OVERMAN, OVERPAY, OVERRAN, OVERRUN, OVERSEA, OVERSEE, OVERTOP, OVOIDAL, OVULARY, OWLLIKE, OWNABLE, OXBLOOD, OXCARTS, OXHEART, OXYGENS, OZONOUS, 

PABULUM, PACKERS, PACKING, PACKMAN, PADDIES, PADDING, PADDLER, PADDOCK, PADLOCK, PADRONE, PAGINAL, PAINING, PAINTER, PAJAMAS, PALACED, PALADIN, PALAZZO, PALFREY, PALLING, PALMATE, PALMERS, PALMIER, PALMING, PALMIST, PALMYRA, PALPATE, PALSIED, PAMPEAN, PANACHE, PANDORA, PANELED, PANGING, PANICLE, PANNING, PANOCHA, PANOPLY, PANTHER, PANTIES, PANTING, PANTLEG, PAPAYAN, PAPERER, PAPILLA, PAPOOSE, PAPYRAL, PAPYRUS, PARABLE, PARADES, PARAGON, PARAPET, PARASOL, PARCELS, PARCHED, PARDONS, PARFAIT, PARLAYS, PARLOUR, PARODIC, PAROLED, PAROLEE, PAROLER, PAROLES, PARRIES, PARRING, PARROTY, PARSERS, PARSING, PARSLEY, PARSNIP, PARSONS, PARTAKE, PARTIED, PARTIES, PARTING, PARTNER, PARTOOK, PARVENU, PASCHAL, PASSAGE, PASSERS, PASSING, PASSION, PASTERN, PASTEUR, PASTIER, PASTIME, PATCHED, PATCHER, PATENTS, PATHWAY, PATIENT, PATRIOT, PATROLS, PATTING, PAUNCHY, PAWNING, PAYABLY, PAYBACK, PAYDAYS, PAYOFFS, PEACHER, PEACOAT, PEAFOWL, PEALING, PEARTER, PEATIER, PEBBLES, PEDALED, PEDDLAR, PEEKING, PEELERS, PEEVING, PEEVISH, PEGGING, PEIPING, PELICAN, PELLETS, PELTING, PENALTY, PENDING, PENNING,  PENSIVE, PENUCHE, PEOPLED, PEPPERS, PEPPERY, PEPPILY, PEPSINE, PEPTICS, PERCALE, PERCENT, PERCHES, PERDUES, PERFORM, PERHAPS, PERIDOT, PERIGREE, PERILED, PERJURE, PERJURY, PERKING, PERKISH, PERMIAN, PERPLEX, PERSONS, PERTAIN, PERTEST, PERUSAL, PERUSED, PERUSER, PERVADE, PESKIER, PESKILY, PESTERS, PETALED, PETROLS, PETTIER, PETUNIA, PEWTERS, PEYOTYL, PHANTOM, PHASEAL, PHASERS, PHASING, PHILTER, PHILTRE, PHLEGMS, PHONEME, PHONEYS, PHONIER, PHONILY, PHONING, PHOTOED, PHOTONS, PHRASED, PHRASES, PHRENIC, PHRENSY, PIANIST, PIASTER, PIASTRE, PIAZZAS, PIBROCH, PICADOR, PICKAXE, PICKETS, PICKLER, PICKLES, PICKUPS, PICNICS, PICTURE, PIDDLED, PIEBALD, PIECING, PIERCED, PIERCER, PIETIES, PIGGERY, PIGGIER, PIGGING, PIGGISH, PIGMENT, PIGSKIN, PIGWEED, PIKEMAN, PIKEMEN, PILINGS, PILLAGE, PILLARS, PILLION, PILLOWY, PILOTED, PIMENTO, PIMPLED, PIMPLES, PINBALL, PINCHER, PINCHES, PINESAP, PINFOLD, PINIEST, PINKEYE, PINKIES, PINKISH, PINNACE, PINOCLE, PINOLES, PIOSITY, PIPEFUL,  PIPETTE, PIRATED, PIRATES, PIRATIC, POROGHI, PIROGUE, PIROJKI, PITAPAT, PITBULL, PITCHED, PITCHER, PITEOUS, PITFALL, PITHIER, PITIFUL, PITTING, PITYING, PLACATE, PLACERS, PLACQUE, PLAGUER, PLAGUEY, PLAINLY, PLAINTS, PLAITER, PLANERS, PLANING, PLANISH, PLANKED, PLANTED, PLANTER, PLAQUES, PLASHER, PLASHES, PLASMIC, PLASTER, PLASTIC, PLATEAU, PLATIER, PLATOON, PLATTED, PLATTER, PLATYPI, PLAUDIT, PLAYBOY, PLAYERS, PLAYFUL, PLAYING, PLAYLET, PLAYOFF, PLAYPEN, PLEADED, PLEASED, PLEASER, PLEATED, PLEATER, PLEBIAN, PLECTRA, PLEDGED, PLEDGER, PLENARY, PLEURAS, PLIANCY, PLINKER, PLODDER, PLONKED, PLOPPED, PLOTTED, PLOTTER, PLOWING, PLOWMAN, PLOYING, PLUMBED, PLUMBER, PLUMIER, PLUMING, PLUMPER, PLUMPLY, PLUNDER, PLUNGED, PLUNGES, PLURALS, PLUSHER, PLUSHLY, PLYWOOD, POACHER, POCKETS, POCKIER, POCKILY, POINTED, POINTER, POISERS, POKIEST, POLECAT, POLEMIC, POLKAED, POLLARD, POLLENS, POLOIST, POLYPOD, POMADED, POMPANO, POMPEII, POMPOMS, POMPOUS, PONCHOS, PONDERS, PONTIAC, POOCHES, POODLES, POOHING, POOLING, POORISH, POPEDOM, POPPERS, POPULAR, PORCHES, PORCINE, PORGIES, PORTALS, PORTEND, PORTING, PORTRAY, POSHEST, POSITED, POSTALS, POSTBAG, POSTFIX, POSTING, POSTMEN, POSTURE, POTABLE, POTENCE, POTENCY, POTHERB, POTHOLE, POTHOOK, POTIONS, POTLACH, POTLUCK, POTOMAC, POTPIES, POTTAGE, POTTERS, POTTING, POUCHES, POUFFED, POULTRY, POUNCED, POUNCER, POUNDED, POURERS, POURING, POUTERS, POUTIER, POUTING, POWERED, POWWOWS, PRAETOR, PRAIRIE, PRAISED, PRAISER, PRATING, PRATTLE, PRAWNER, PRAYERS, PREACHY, PREBILL, PRECEDE, PRECISE, PREDAWN, PREDICT, PREEMIE, PREFERS, PREFORM, PREGAME, PREHEAT, PRELATE, PRELIMS, PRELOAD, PREMADE, PREMIER, PREMISE, PREPARE, PREPPED, PRERACE, PRESAGE, PRESALE, PRESELL, PRESENT, PRESETS,  PRESHOW, PRESIFT, PRESLEY, PRESSED, PRESSER, PRESUME, PRETEEN, PRETERM, PRETEST, PRETZEL, PREVAIL, PREVENT, PREVUED, PREWASH, PREYING, PRICERS, PRICKED, PRICKLE, PRIDING, PRIESTS, PRIMELY, PRIMERO, PRIMING, PRIMMED, PRIMMER, PRINKED, PRINTER, PRISONS, PRIVACY, PRIVATE, PRIVIES, PRIVILY, PRIVITY, PROBING, PROBITY, PROCESS, PROCTOR, PROCURE, PRODIGY, PRODUCT, PROFUSE, PROGENY, PROGRAM, PROJECT, PROLATE, PROLONG, PROMISE, PRONATE, PRONELY, PRONGED, PRONOUN, PROOFED, PROOFER, PROPANE, PROPELS, PROPHET, PROPJET, PROPMAN, PROPOSE, PROPPED, PRORATE, PROSAIC, PROSILY, PROSING, PROSODY, PROSPER, PROTEAN, PROTEGE, PROTEIN, PROTEST, PROTIST, PROUDER, PROWLER, PROXIES, PROXIMA, PRUDENT, PRUDISH, PRUNERS, PRUNING, PRUSSIC, PRYTHEE, PSALMED, PSALMIC, PSALTER, PSCHENT, PSHAWED, PSYCHED, PSYCHES, PTOLEMY, PTOMAIN, PUBLICS, PUBLISH, PUCKERS, PUCKISH, PUDDLER, PUFFERS, PUFFERY, PUFFILY, PUFFINS, PULLERS, PULLEYS, PULLOUTS, PULLUPS, PULSARS, PULSING, PUMPING, PUMPKIN, PUNCHED, PUNCHES, PUNDITS, PUNKEST, PUNKIER, PUNNIER, PUNSTER, PUNTERS, PUNTING, PUPATED, PUPFISH, PUPILAR, PUPPING, PURLIEU, PURLOIN, PURPLED, PURPOSE, PURRING, PURSIER, PURSILY, PURSUER, PURSUIT, PURVEYS, PUSHING, PUTOFFS, PUTTEES, PUTTIED, PUTTING, PUZZLER, PYGMOID, PYLORIC, PYRAMID, PYROGEN, PYRRHIC, PYRUVIC, 

QUADRIC, QUAFFER, QUAKERS, QUAKING, QUALIFY, QUANTAL, QUANTED, QUANTIC, QUANTIL, QUARREL, QUARTES, QUARTET, QUARTIC, QUARTOS, QUASERS, QUAVERY, QUAYAGE, QUEERLY, QUERIER, QUERIES, QUESTED, QUESTER, QUIBBLE, QUICKER, QUIETED, QUIETEN, QUIETER, QUIETLY, QUINCES, QUINTAN, QUINTAR, QUINTIC, QUINTIN, QUIRTED, QUITTER, QUIVERS, QUIVERY, QUONDAM, QUONSET, QUOTING, 

RABBITS, RABBLES, RABIDLY, RACECAR, RACEWAY, RACIEST, RACKETS, RACKETY, RACQUET, RADDLED, RADDLES, RADIATE, RADICAL, RADIOES, RADIUMS, RAFFISH, RAFFLED, RAFFLER, RAFTAGE, RAGGING, RAGTIME, RAIDING, RAILCAR, RAILERS, RAIMENT, RAINBOW, RAINFED, RAINIER, RAISING, RAISINS, RAISINY, RALLIED, RALLIER, RALLIES, RAMBLED, RAMBLER, RAMBLES, RAMMING, RAMMISH, RAMPAGE, RAMPART, RAMPION, RANCHED, RANCHER, RANCHES, RANDIER, RANDOMS, RANGIER, RANGOON, RANKERS, RANKING, RANKISH, RANSACK, RAPIERS, RAPPERS, RAPPING, RAPPORT, RAPTEST, RAREBIT, RASHEST, RASPERS, RASPIER, RASPING, RASSLED, RATABLE, RATATAT, RATFINK, RATHOLE, RATINGS, RATIONS, RATLINE, RATTING, RATTISH, RATTLER, RATTLES, RAVAGER, RAVAGES, RAVENED, RAVINED, RAZORED, REACHES, REACTED, REACTOR, READAPT, READERS, READIER,  READING, READOPT, REAGENT, REALIGN, REALIST, REANNEX, REAPERS, REAPING, REARGUE, REARMED, REAWOKE, REBATED, REBOARD, REBOUND, REBUFFS, REBUILD, REBUILT, RECALLS, RECANTS, RECASTS, RECEDED, RECEDES, RECHART, RECHECK, RECIPES, RECITAL, RECITED, RECLUSE, RECODED, RECOINS, RECOLOR, RECOMBS, RECOOKS, RECORDS, RECOUNT, RECOUPS, RECOVER, RECRATE, RECROSS, RECTIFY, RECUSAL, RECUSED, RECYCLE, REDCOAT,  REDDENS, REDDEST, REDDISH, REDFISH, REDHEAD, REDNESS, REDOUBT, REDOUND, REDRAFT, REDRAWS, REDRIED, REDUCED, REDUCER, REDUCES, REDWING,  REDWOOD, REEDIER, REEDING, REEKIER, REELING, REENACT, REENDOW, REENJOY, REENTER, REERECT, REEVING, REFEREE, REFIGHT, REFILED, REFILLS, REFINES, REFIRED, REFLOWS, REFOCUS, REFORMS, REFRACT, REFRESH, REFRIED, REFROZE, REFUGES, REFUSAL, REFUSED, REFUSES, REFUTES, REGAINS, REGALES, REGALLY, REGARDS, REGAUGE, REGENCY, REGENTS, REGIMEN, REGINAL, REGRADE, REGRESS, REGRETS, REGROUP, REGROWN, REHEARD, REHEARS, REIGNED, REINTER, REISSUE, REJOINS, REKEYED, RELAPSE, RELATED, RELATES, RELAXED, RELAXER, RELAXES, RELAYED, RELEASE, RELENTS, RELIANT, RELIEFS, RELIEVE, RELIGHT, RELINES, RELIQUE, RELISTS, RELOADS, RELOANS, RELYING, REMAINS, REMARKS, REMIXES, REMOLDS, RENDING, RENEGED, RENEWED, RENEWER, RENTAGE, RENTALS, RENTERS, RENTING, REOPENS, REORDER, REPAINT, REPAIRS, REPAVED, REPEATS, REPINED, REPINER, REPLACE, REPLANT, REPLAYS, REPLETE, REPLIED, REPLIES, REPOSED, REPRESS, REPRICE, REPRINT, REPRISE, REPROBE, REPROOF, REPULSE, REPUTED, REQUEST, REQUIEM, REQUIRE, REQUITE, REREADS, REROUTE, RESCUED, RESCUER, RESCUES, RESEALS, RESELLS, RESENTS, RESERVE, RESHOOT, RESIDED, RESIDES, RESIGNS, RESIZED, RESORTS, RESOWED, RESPECT, RESPELL, RESPIRE, RESPOND, RESTACK, RESTAMP, RESTART, RESTFUL, RESTING, RESTIVE, RESTOCK, RESTUDY, RESUMED, RESUMER, RESUMES, RETAILS, RETAKEN, RETAKER, RETEACH, RETELLS, RETESTS, RHEUMIC, RETHINK, RETINAL, RETINOL, RETINUE, RETIREE, RETIRER, RETITLE, RETOUCH, RETRACE, RETRACT, RETRAIN,  RETREAT, RETYPES, REUNIFY,  REUNITE, REVEALS, REVELER, REVENGE, REVERED, REVERER, REVERES, REVERIE, REVERSE, REVERTS, REVILER, REVILES, REVISED, REVISER, REVISES, REVISIT, REVIVAL, REVIVER, REVOKER, REVOLVE, REWARDS, REWARMS, REWEAVE, REWEIGH, REWINDS, REWIRES, REWORKS, REWOUND, REWOVEN, REZONED, REZONES, RHENIUM, RHIZOME, RHODIUM, RHOMBUS, RHONCHI, RHYMING, RIBBING, RIBBONS, RIBCAGE, RICHEST, RICKETY, RICKING, RICKSHA, RICOTTA, RIDABLE, RIDDLED, RIDGING, RIFFING, RIFFLER, RIFLERS, RIFLERY, RIGGERS, RIGHTER, RIKSHAW, RILLING, RIMLAND, RIMLESS, RIMMING, RIMROCK, RINSING, RIOTERS, RIOTING, RIOTOUS, RIPCORD, RIPENED, RIPENER, RIPOSTE, RIPPLES, RIPTIDE, RISIBLE, RISINGS, RISKERS, RISOTTO, RITTING, RIVETER, RIVIERA, ROACHED, ROADERS, ROADIES, ROAMING, ROARING, ROASTED, ROBBERS, ROBBERY, ROBBINS, ROCKETS, ROCKIER, RODENTS, ROGUING, ROGUISH, ROISTER, ROLLICK, ROLLOFF, ROLLOUT, ROLLTOP, ROLODEX, ROMANCE, ROMPING, RONDEAU, RONDURE, RONTGEN, ROOFING, ROOFTOP, ROOKIES, ROOMFUL, ROOMIER, ROOSTED, ROOTIER, ROOTING, ROOTLET, ROPIEST, ROSEATE, ROSEBUD, ROSETTE, ROSIEST, ROSINED, ROSTERS, ROSTRAL, ROTATOR, ROTTING, ROUGHLY, ROUGING, ROULEAU, ROUNDED, ROUNDEL, ROUNDER, ROUNDLY, ROUSING, ROUSTER, ROUTERS, ROUTINE, ROUTING, ROWABLE, ROWDIER, ROWDILY, ROYALTY, RUBBERS, RUBBERY, RUBBING, RUBBLED, RUBELLA, RUBIEST, RUBRICS, RUBYING, RUFFING, RUGGING, RUINERS, RUINING, RULABLE, RUMANIA, RUMBAED, RUMBLER, RUMBLES, RUMMIER, RUMORED, RUMPLED, RUNAWAY, RUNBACK, RUNDOWN, RUNOFFS, RUNOUTS, RUNOVER, RUNTIME, RUNTISH, RUNWAYS, RUSHIER, RUSSETS, RUSSETY, RUSTICS, RUSTING, RUSTLER, RUTTIER, RUTTING, RUTTISH, 

SABERED, SACKBUT, SACKERS, SACLIKE, SACRIST, SADDLED, SADDLES, SADIRON, SAFEWAY, SAFFRON, SAGGING, SAGIEST, SAILING, SAINTED, SAINTLY, SALABLE, SALABLY, SALAMIS, SALIENT, SALINES, SALLIED, SALLIER, SALLOWS, SALLOWY, SALSIFY, SALTBOX, SALTIER, SALTING, SALTISH, SALUTED, SALUTES, SALVING, SAMADHI, SAMISEN, SAMPLED, SAMPLER, SANCTUM, SANDALS, SANDBAG, SANDBAR, SANDFLY, SANDHOG, SANDIER, SANDMEN, SAPIENT, SAPLING, SAPPHIC, SAPPIER, SAPPING, SARCASM, SARDINE, SASHIMI, SASSIER, SASSILY, SASSING, SATCHEL, SATISFY, SAUCIER, SAUCING, SAUNTER, SAUSAGE, SAVAGER, SAVAGES, SAVANNA, SAVANTS, SAVIOUR, SAVORER, SAVVIED, SAVVIER, SAWMILL, SAYABLE, SAYINGS, SCABIES, SCALDIC, SCALENE, SCALIER, SCALPED, SCALPEL, SCALPER, SCAMMED, SCAMPED, SCAMPER, SCANDAL, SCANDIA, SCANDIC, SCANNED, SCANTED, SCANTER, SCANTLY, SCAPING, SCAREDY, SCARFED, SCARIER, SCARIFY, SCARPED, SCARVES, SCATTER, SCENERY, SCENTED, SCEPTER,SCEPTIC, SCEPTRE, SCHEMER, SCHEMES, SCHISMS, SCHMALZ, SCHMEER, SCISSOR, SCHNOOK, SCHOLAR, SCISSOR, SCLERAL, SCOFFED, SCOLDED, SCOLDER, SCONCED, SCONCES, SCOOPED, SCOOPER, SCORERS, SCORING, SCORNED, SCOURED, SCOURER, SCRAGGY, SCRAPED, SCRAPPY, SCRATCH, SCRAWLS, SCRAWNY, SCREENS, SCREWUP, SCRIBED, SCRIBES, SCRIVED, SCROLLS, SCROOGE, SCRUFFY, SCRYING, SCUFFED, SCULKED, SCULKER, SCUPPER, SCUTTLE, SCYTHES, SEABEDS, SEABIRD, SEALERS, SEAMIER, SEAMING, SEANCES, SEAPORT, SEASIDE, SEASONS, SEATERS, SEATING, SEAWALL, SEAWARD, SEAWAYS, SEAWEED, SECEDER, SECEDES, SECLUDE, SECONDS, SECRETE, SECRETS, SECTARY, SECTILE, SECTION, SECTORS, SECULAR, SECUNDA, SECURED, SECURER, SECURES, SEDATED, SEDATER, SEDATES, SEDUCED, SEDUCER, SEDUCES, SEEABLE, SEEBED, SEEDERS, SEEDILY, SEEDING, SEEDMAN, SEEDMEN, SEEDPOD, SEEKERS, SEEKING, SEEMING, SEEPAGE, SEETHED, SEGUING, SEGMENT, SEISMIC, SEISURE, SEIZING, SEIZURE, SELFISH, SELLERS, SELLOUT, SELVAGE, SEMINAL, SEMINAR, SEMIPRO, SENATES, SENDERS, SENDING, SENEGAL, SENHORA, SENSATE, SENSING, SEPALED, SEPTIME, SEPTUMS, SEQUENT, SERAPES, SERAPHS, SERENER, SERENES, SERFAGE, SERFDOM, SERFISH, SERIOUS, SERPENT, SERRATE, SERRIED, SERUMAL, SERVANT, SERVERS, SERVILE, SERVING, SESSION, SETTERS, SETTING, SETTLED, SEVENTH, SEVERAL, SEVERED, SEVERER, SEVILLE, SEXTANT, SEXTONS, SHACKLE, SHADERS, SHADILY, SHADOWY, SHAKILY, SHAKING, SHALLOP, SHALLOT, SHALLOW, SHAMING, SHAMMED, SHAMMER, SHAMPOO, SHANKED, SHAPELY, SHAPERS, SHAPING, SHARKED, SHARKER, SHARPED, SHARPEN, SHARPIE, SHATTER, SHAVING, SHAWNEE, SHEAFED, SHEARED, SHEARER, SHEATHS, SHEAVES, SHEBEEN, SHEDDER, SHEERER, SHEERLY, SHEETED, SHELLAC, SHELLEY, SHELTER, SHELVED, SHELVER, SHERIFF, SHIELDS, SHIFTED, SHIFTER, SHINDIG, SHINGLE, SHINIER, SHINILY, SHINNED, SHINNEY, SHIPMEN, SHIPWAY, SHIRKED, SHIRKER, SHIRLEY, SHIVERY, SHOALED, SHOCKED, SHOCKER, SHOEBOX, SHOEING, SHOOFLY, SHOOING, SHOPPED, SHOPPER, SHORTEN, SHORTIE, SHORTLY, SHOTGUN, SHOTTED, SHOUTED, SHOUTER, SHOWBIZ, SHOWERS, SHOWERY, SHOWIER, SHOWMAN, SHOWOFF, SHREWED, SHRIEKS, SHRIEKY, SHRIKES, SHRINED, SHRINKS, SHRIVED, SHRIVER, SHROUDS, SHTETEL, SHUNNED, SHUNTED, SHUSHED, SHUSHES, SHUTOUT, SHYNESS, SIBLING, SICCING, SICKBAY, SICKENS, SICKISH, SICKLED, SIDEARM, SIDEBAR, SIDEMAN, SIDEWAY, SIDINGS, SIDLING, SIEVING, SIFTERS, SIFTING, SIGHING, SIGHTED, SIGHTLY, SIGMOID, SIGNAGE, SIGNALS, SIGNERS, SIGNIFY, SIGNORA, SIGNORE, SIGNORI, SIGNORY, SILENCE, SILENTS, SILKILY, SILKING, SILOING, SILTIER, SILTING, SILVERN, SILVERS, SILVERY, SIMILAR, SIMILES, SIMITAR, SIMPLER, SIMPLES, SIMPLEX, SINEWED, SINGERS, SINGLED, SINGLET, SINKAGE, SINKERS, SINKING, SINLESS, SINNERS, SINNING, SINUATE, SINUOUS, SINUSES, SIPPING, SIRLOIN, SISSIER, SISTRUM, SITCOMS, SITTERS, SITTING, SITUATE, SIXFOLD, SIZABLE, SIZABLY, SIZIEST, SIZZLER, SIZZLES, SKATERS, SKATING, SKEEING, SKEETER, SKEINED, SKEPTIC, SKEWERS, SKIDDER, SKILFUL, SKILLET, SKIMMED, SKIPPED, SKIRTED, SKIRTER, SKULKED, SKULKER, SKUNKED, SKYDIVE, SKYHOOK, SKYJACK, SKYLINE, SLABBED, SLABBER, SLACKEN, SLACKER, SLANDER, SLANGED, SLANTED, SLAPPED, SLASHER, SLATHER, SLATING, SLATTED, SLAVING, SLAVISH, SLEEKER, SLEEKLY, SLEEPER, SLEETED, SLEEVES, SLEIGHS, SLEIGHT, SLENDER, SLICERS, SLICKED, SLICKER, SLICKLY, SLIDING, SLIMIER, SLIMING, SLINGER, SLINKED, SLIPPER, SLIPWAY, SLITHER, SLITTED, SLITTER, SLIVERS, SLOBBER, SLOGGER, SLOPING, SLOPPED, SLOSHES, SLOWING, SLOWISH, SLUGGED, SLUGGER, SLUICES, SLUMBER, SLURPED, SLUSHED, SLYNESS, SMACKED, SMARTED, SMARTEN, SMARTER, SMARTLY, SMASHER, SMASHES, SMATTER, SMELLED, SMILERS, SMILING, SMIRKED, SMIRKER, SMITING, SMITTEN, SMOCKED, SMOKERS, SMOKING, SMOLDER, SMOOCHY, SMOTHER, SMUDGED, SMUGGER, SNACKED, SNAFFLE, SNAILED, SNAKIER, SNAKILY, SNAKING, SNAPPED, SNAPPER, SNARLED, SNATCHY, SNEAKED, SNEERER, SNIDEST, SNIGGLE, SNIPERS, SNIPING, SNIPPER, SNIPPET, SNOOKER, SNOOPED, SNOOTED, SNOOZED, SNOOZER, SNORING, SNORTED, SNORTER, SNOWIER, SNOWING, SNOWILY, SNOWMAN, SNOWMEN, SNUBBED, SNUFFER, SNUFFLE, SNUGGED, SNUGGER, SNUGGLE, SOAPILY, SOAPING, SOARING, SOBBERS, SOBERED, SOBERLY, SOCKEYE, SOCKMEN, SODDENS, SOFTEST, SOGGILY, SOILING, SOJOURN, SOLACED, SOLACER, SOLDERS, SOLIDLY, SOLDIER, SOLOING, SOLOMON, SOMALIA, SOMATIC, SOMEHOW, SOMEWAY, SONATAS, SONNETS, SOONEST, SOOTHED, SOOTHER, SOPRANO, SORBATE, SORBETS, SORROWS, SORTERS, SORTIED, SORTING, SOUFFLE, SOUNDED, SOUNDLY, SOUPCON, SOUPING, SOURCED, SOUREST, SOURING, SOUTHED, SOUTHER, SOWABLE, SOYBEAN, SPACING, SPADING, SPAMMER, SPANDEX, SPANGLE, SPANGLY,  SPANIEL, SPANKED, SPANNED, SPARELY, SPARERS, SPARING, SPARKED, SPARRED, SPARROW, SPARSER, SPASMED, SPATHAL, SPATHED, SPEARED, SPEARER, SPECIAL, SPECIES, SPECIFY, SPECKED, SPECTER, SPECTRE, SPEEDED, SPELLED, SPELLER, SPELUNK, SPHERAL, SPICILY, SPICING, SPIDERS, SPIEGEL, SPIELER, SPIFFED, SPIGOTS, SPIKILY, SPIKING, SPILLER, SPINACH, SPINATE, SPINDLY, SPINETS, SPINOFF, SPINOUT, SPIRAEA, SPIRITS, SPIROID, SPIRTED, SPITTER, SPLASHY, SPLEENS, SPLICER, SPOILED, SPOKANE, SPONDEE, SPONGED, SPONGER, SPONGES, SPONSOR, SPOOLED, SPOOLER, SPOONED, SPORING, SPORRAN, SPORTED, SPORULE, SPOTLIT, SPOTTER, SPOUSED, SPOUSES, SPOUTED, SPOUTER, SPRAINS, SPRAWLS, SPRAYER, SPRIEST, SPRIGGY, SPRIGHT, SPRINGS, SPRINGY, SPRITES, SPRUCED, SPRUCER, SPUMING, SPUMONE, SPUNKED, SPURNER, SPURRED, SPURREY, SPURTED, SPUTNIK, SQUALLS, SQUALLY, SQUARER, SQUASHY, SQUAWKY, SQUEAKS, SQUEAKY, SQUELCH, SQUINCH, SQUISHY, STABBER, STABLED, STABLES, STACKER, STADIUM, STAGIER, STAGING, STAIDER, STAINED, STAINER, STAKING, STALELY, STALING, STALKED, STALKER, STALLED, STAMINA, STAMPED, STAMPER, STANCES, STANDBY, STANDUP, STANNIC, STANNUM, STAPLER, STARERS, STARING, STARKER, STARKLY, STARLET, STARRED, STARTED, STARTER, STARTLE, STARVED, STARVES, STASHED, STASHES, STATERS, STATING, STATION, STATUED, STATUES, STATURE, STATUTE, STAVING, STAYING, STEADED, STEALER, STEALTH, STEAMED, STEAMER, STEARIC, STEARIN, STEELED, STEELIE, STEEPED, STEEPEN, STEERED, STEERER, STELLAR, STENCHY, STENTOR, STEPPER, STEPSON, STERILE, STERNAL, STERNER, STERNLY, STERNUM, STEROID, STETTED, STEUBEN, STEWARD, STEWING, STEWPAN, STEUBEN, STIBIUM, STICKED, STICKUP, STIFFED, STIFFEN, STIFFER, STIFLER, STIFLES, STILLED, STILTED, STIMULI, STINTED, STINTER, STIPEND, STIPPLE, STIRRED, STOCKED, STOCKER, STOICAL, STOKERS, STOMPER, STONIER, STONILY, STONING, STOOGED, STOOLED, STOOLIE, STOOPED, STOPPED, STOPPLE, STORAGE, STORIED, STORIES, STORIES, STORING, STOUTEN, STOUTER, STOWAGE, STOWING,  STRAFES, STRAINS, STRAITS, STRANGE, STRAPPY, STRATUM, STRATUS, STRAWED, STRAYED, STRAYER, STREAKS, STREAMS, STREAMY, STREETS, STRETCH, STRETTI, STREWED, STREWER, STRIATE, STRIDER, STRIDES, STRIFES, STRIKER, STRIKES, STRIPED, STRIPER, STRIPES, STRIVER, STRIVES, STROBED, STROBES, STROKED, STROKES, STUBBLY, STUDDED, STUDENT, STUDIER, STUDIES, STUFFED, STUMBLE, STUMPER, STUNNED, STUNNER, STUNTED, STYGIAN, STYLATE, STYLERS, STYLING, STYLISH, STYLIZE, STYMIED, SUASION, SUASIVE, SUAVEST, SUAVITY, SUBAREA, SUBBING, SUBCLAN, SUBDUAL, SUBDUER, SUBDUES, SUBHEAD, SUBLIME, SUBMENU, SUBPLOT, SUBSETS, SUBSIDE, SUBSIST, SUBTASK, SUBTEEN, SUBTEND, SUBTEXT, SUBTLER, SUBUNIT, SUBWAYS, SUCCEED, SUCCESS, SUCCOUR, SUCCUBA, SUCKING, SUCKLER, SUDSIER, SUEDING, SUFFERS, SUFFICE, SUGARED, SUGGEST, SUICIDE, SULFURS, SULFURY, SULKERS, SULKIER, SULKILY, SULKING, SULPHUR, SULTANS, SUMMARY, SUMMERY, SUMMING, SUMMITS, SUMPTER, SUNBACK, SUNBATH, SUNBEAM, SUNBURN, SUNDECK, SUNDERS, SUNDEWS, SUNDIAL, SUNGLOW, SUNLIKE, SUNNIER, SUNROOF, SUNSETS, SUNSUIT, SUNTANS, SUNWARD, SUNWISE, SUPERED, SUPPERS, SUPPORT, SUPPOSE, SUPREME, SURFACE, SURFEIT, SURGEON, SURGERS, SURGING, SURLIER, SURMISE, SURPASS, SURPLUS, SURVEYS, SURVIVE, SUSPIRE, SUSTAIN, SWABBED, SWABBIE, SWADDLE, SWAGGED, SWAGGER, SWAMPER, SWANKED, SWANKER, SWANNED, SWARMED, SWARMER, SWASHER, SWASHES, SWATHED, SWATHER, SWATHES, SWATTED, SWATTER, SWAYERS, SWEARER, SWEATED, SWEEPER, SWEETEN, SWEETIE, SWEETLY, SWELLED, SWELLER, SWELTER, SWERVER, SWIFTER, SWIFTLY, SWIGGER, SWILLER, SWIMMER, SWINDLE, SWINGER, SWINISH, SWISHED, SWISHER, SWIVELS, SWIVETS, SWOONED, SWOPPED, SYLPHIC, SYLPHID, SYMBIOT, SYMBOLS, SYMPTOM, SYNAPSE, SYNCHED, SYNCHRO, SYNCING, SYNCOPE, SYNERGY, SYNFUEL, SYNONYM, SYRINGE, SYZYGAL, 

TABBING, TABLETS, TABLING, TABORET, TABSTOP, TABULAR, TACKIFY, TACKLED, TACTILE, TACTION, TACTOID, TACTUAL, TADPOLE, TAGALOG, TAGLINE, TAILING, TAKABLE, TAKEING, TAKEOFF, TAKEOUT, TAKINGS, TALENTS, TALKERS, TALKIER, TALKIES, TALLEST, TALLIED, TALLIER, TALLIES, TALLOWY, TALLYHO, TALONED, TALUSES, TAMALES, TAMBOUR, TAMBURA, TAMPERS, TANAGER, TANDEMS, TANGIER, TANGLES, TANKARD, TANKING, TANNEST, TANTARA, TANTRIC, TANYARD, TAPERED, TAPERER, TAPHOLE, TAPPERS, TAPROOM, TARBUSH, TARDIER, TARDILY, TARIFFS, TARNISH, TARRIED, TARTEST, TARTING, TARTISH, TARTUFE, TASKBAR, TASKING, TASSELS, TASTIER, TASTING,  TATTIER, TATTLES, TATTOOS, TAUNTED, TAUTEST, TAUTING, TAVERNS, TAWNIER, TAXABLY, TEABOWL, TEACAKE, TEACART, TEACHER, TEACHES, TEACUPS, TEARERS, TEARFUL, TEARING, TEASERS, TEASHOP, TEATIME, TEAZLED, TEDIOUS, TEEMERS, TEEMING, TEENTSY, TEETERS, TEETHER, TEETHES, TEHERAN, TEKTITE, TELLERS, TELLING, TEMPERS, TEMPING, TEMPLAR, TEMPLED, TEMPLES, TEMPTER, TEMPURA, TENABLE, TENABLY, TENANTS, TENDING, TENDONS, TENFOLD, TENONED, TENSING, TENSION, TENSITY, TENSIVE, TENTAGE, TENTIER, TENUITY, TENURED, TENURES, TEQUILA, TERMING, TERMINI, TERMITE, TERNATE, TERRACE, TERRAIN,  TERRENE, TERRIER, TERRINE, TERRORS, TERSEST, TERTIAN, TESTATE, TESTERS, TESTIER, TESTING, TETCHED, TEXTUAL, THANKED, THEATER, THEATRE, THEOREM, THEREAT, THEREOF, THEREON, THERMOS, THEURGY, THICKLY, THIEVED, THIGHED, THINKER, THINNED, THIRSTS, THISTLY, THONGED, THORIUM, THORNED, THRALLS, THRAWED, THREADS, THREADY, THREATS, THRIFTY, THRILLS, THRIVED, THRIVEN, THRIVES, THRONED, THRONES, THRONGS, THROUGH, THROWED, THRUMMY, THUGGEE, THULIUM, THUMBED, THUMPED, THYMIER, THYMINE, TIARAED, TICKERS, TICKETS, TICKING, TICKLER, TIDALLY, TIDIED, TIDINGS, TIELESS, TIERING, TIFFANY, TIGHTER, TIGHTLY, TIGROID, TILINGS, TILLAGE, TILLING, TILTERS, TIMBALE, TIMEOUT, TIMIDER, TIMIDLY, TIMINGS, TIMPANI, TINCTED, TINFOIL, TINGLED, TINGLES, TINHORN, TINNIER, TINSELS, TINTERS, TINTYPE, TINWARE, TINWORK, TIPCART, TIPPERS, TIPPLED, TIPPLER, TIPSTER, TIPTOES, TIRADES, TISSUED, TITHERS, TITHING, TITMICE, TITRANT, TITRATE,  TIZZIES, TOADISH, TOASTED, TOASTER, TOBACCO, TOCCATA, TODDLER, TOESHOE, TOFFEES, TOGGERY, TOGGLED, TOILETS, TOILING, TOLLING, TOLLMAN, TOLLWAY, TOLUENE, TOMBING, TOMFOOL, TOMPED, TONALLY, TONGUED, TONGUES, TONIGHT, TONNEAU, TOOLBOX, TOOLING, TOOTLER, TOOTSIE, TOPCOAT, TOPDOWN, TOPFULL, TOPICAL, TOPKICK, TOPKNOT, TOPLESS, TOPLINE, TOPPLES, TOPSIDE, TOPSOIL, TOPSPIN, TOPWORK, TORCHES, TORMENT, TORNADO, TORPEDO, TORQUER, TOSSLES, TOSSUPS, TOSTADA, TOTALLY, TOTEMIC, TOTTERY, TOTTING, TOUCHER, TOUGHED, TOUGHEN, TOUGHER, TOUPEES, TOURERS, TOURING, TOURISM, TOURIST, TOURNEY, TOUSLED, TOUZLED, TOWABLE, TOWBOAT, TOWELED, TOWHEAD, TOWNISH, TOWPATH, TOWROPE, TOXEMIC, TRACERS, TRACHEA, TRACING, TRACKED, TRACTOR, TRADERS, TRADING, TRAGEDY, TRAILED, TRAINEE, TRAINER, TRAIPSE, TRAITOR, TRAMMED, TRAMMEL, TRAMPER, TRAMPLE, TRANCES, TRANSIT, TRAPPED, TRAPPER, TRASHED, TRASHES, TRAVELS, TRAWLED, TRAWLER, TREACLE, TREADLE, TREATED, TREATER, TREEING, TREETOP, TREFOIL, TREKKED, TREMBLE, TREMORS, TRENTON, TRESSED, TRIADIC, TRIAGES, TRIBADE, TRIBALS, TRIBUNE, TRIBUTE, TRICEPS, TRICKED, TRICKER, TRICKLE, TRICKLY, TRICKSY, TRIFLES, TRIFORM, TRIGAMY, TRIGGER, TRILLED, TRILOGY, TRIMMER, TRINING, TRINKET, TRIOLET, TRIPLES, TRIPLET, TRIPODS, TRIPPED, TRISECT, TRITELY, TRITEST, TRITONE, TRIUMPH, TROCHEE, TROLLOP, TROMPED, TROOPED, TROPINE, TROPISM, TROTTED, TROTTER, TROUNCE, TROUSER, TROWELS, TROWING, TRUCING, TRUCKER, TRUCKLE, TRUDGER, TRUMPED, TRUMPET, TRUSSED, TRUSTEE, TRUSTER, TSARINA, TSARISM, TSARIST, TUBBIER, TUBINGS, TUBULAR, TUCKERS, TUCKING, TUESDAY, TUGBOAT, TUITION, TUMBLER, TUMBLES, TUMBREL, TUMERIC, TUMMIES, TUNABLY, TUNDRAS, TUNEUPS, TUNISIA, TUNNELS, TURBINE, TURFING, TURMOIL, TURNERY, TURNIPS, TURNKEY, TURNOFF, TURNOUT, TURNUPS*, TURRETS, TURTLED, TUSSOCK, TUSSUCK, TUTELAR, TUTTING TWATTLE, TWEEDLE, TWELFTH, TWELVES, TWIGGED, TWILLED, TWINERS, TWINGED, TWINGES, TWINING, TWINKLE, TWINKLY, TWISTED, TWISTER, TWITCHY, TWITTED, TWITTER, TWOFOLD, TWOSOME, TYCOONS, TYMPANA, TYPESET, TYPIEST, TYPISTS, TYPHOON, TYPICAL, TZARINA, TZARISM, TZARIST, 

UGLIEST, UMBRAGE, UMLAUTS, UMPIRED, UMPTEEN, UNAGING, UNAIDED, UNARMED, UNBENDS, UNBLOCK, UNBOUND, UNBURNT, UNCAGED, UNCARED, UNCHAIN, UNCLEAN, UNCLEAR, UNCLOGS, UNCRATE, UNCURED, UNCURLS, UNDATED, UNDERGO, UNDRAPE, UNDRESS, UNDREST, UNDYING, UNEATED, UNEATEN, UNENDED, UNFADED, UNFAZED, UNFROZE, UNFURLS, UNFUSSY, UNGATED, UNGLUED, UNGLUES, UNGUENT, UNHEARD, UNHINGE,  UNICORN, UNIFORM, UNIQUER, UNITARD, UNITARY, UNITERS, UNITING, UNKNOWN, UNLACED, UNLATCH, UNLEASH, UNLINED, UNLINKS, UNLOOSE, UNLOVED, UNMATED, UNMORAL, UNMIXED, UNMOVED, UNMOWED, UNNOTED, UNOILED, UNOWNED, UNPILED, UNPITED, UNPLUG, UNRAVEL, UNREADY, UNRIPER, UNRISEN, UNROBED, UNROLLS, UNSAVED, UNSCREW, UNSEATS, UNSHORN, UNSLING, UNSOUND, UNSPENT, UNSPLIT, UNSTRAP, UNSWORN, UNTAMED, UNTAXED, UNTIRED, UNTRIED, UNTRUER, UNTRUTH, UNTYING, UNUSUAL, UNVEILS, UNWEARY, UNWEAVE, UNWINDS, UNWIRED, UNWISER, UNWOUND, UNWOVEN, UNWRAPS, UPBRAID, UPCURVE, UPGRADE, UPHEAVE, UPKEEPS, UPLANDS, UPLIFTS, UPRISEN, UPRISER, UPRISES, UPROARS, UPSHIFT, UPSHOTS, UPSIDES, UPSILON, UPSTART, UNSTATE, UPENDED, UPSURGE, UPSWEEP, UPSWELL, UPSWEPT, UPSWING, UPSWUNG, UPTAKES, UPTIGHT, UPTREND, UPTURNS, UPWARDS, URANIAN, URANIUM, URBANER, URCHINS, URGENCY, URINALS, URINARY, UROGRAM, UROLITH, USELESS, USHERED, USUALLY, USURPER, UTENSIL, UTERINE, UTOPIAN, UTTERLY, UXORIAL, 

VACANCY, VACATED, VACATES, VACUITY, VACUOLE, VACUUMS, VAGRANT, VAGUELY, VAILING, VAINEST, VALANCE, VALENCE, VALENCY,  VALETED, VALIANT, VALIDLY, VALOREM, VALUATE, VALUERS, VALUING, VAMPING, VAMPIRE, VAMPISH, VANDALS, VANDYKE, VANILLA, VANTAGE, VANWARD, VAPIDLY, VAPORED, VAPORER, VAPOURY, VARANDA, VARIANT, VARIATE, VARIOUS, VARMINT, VARNISH, VARSITY, VARYING, VASSALS, VASTIER, VASTITY, VATTING, VAULTER, VAUNTED, VAUNTER, VECTORS, VEERING, VEGGIES, VEHICLE, VEINING, VEINLET, VELURED, VELVETS, VELVETY, VENALLY, VENATIC, VENDORS, VENISON, VENOMER, VENTAGE, VENTRAL, VENTURE, VENULAR, VERBENA, VERBOSE, VERDANT, VERDICT, VERDURE, VERGING, VERIDIC, VERIEST, VERMEIL, VERNIER, VERSANT, VERSERS, VERSINE, VERSING, VERSION, VERTIGO, VERVAIN, VESICLE, VESTEES, VESTING, VESTURE, VETERAN, VETOING, VETTING, VIALING, VIATICA, VIBRANT, VIBRATO, VICARLY, VICEROY, VICTIMS, VICTORS, VICTORY, VIEWERS, VIEWING, VILLEIN, VINEGAR, VINIEST, VINTNER, VIOLATE, VIOLENT, VIOLIST, VIRALLY, VIRTUAL, VIRUSES, VISAGED, VISAGES, VISAING, VISCERA, VISCOID, VISCOSE, VISEING, VISIBLE, VISIBLY, VISIONS, VISITED, VISITER, VISORED, VISTAED, VITALLY, VITAMIN, VITIATE, VITRIFY, VITRINE, VIVENDI, VIVIDLY, VIZIERS, VOCABLE, VOCABLY, VOCALIC, VOIDERS, VOLANTE, VOLENTE, VOLUBLE, VOLUBLY, VOLUMED, VOLUMES, VOLUTED, VOMITER, VOTIVES, VOUCHEE, VOUCHER, VOUCHES, VOYAGED, VOYAGER, VOYAGES, VULGATE, VULPINE, VULTURE, 

WABBLER, WADDIED, WADDLED, WADDLER, WADDLES, WAFERED, WAFFLED, WAFTING, WAGERER, WAGGERS, WAGGING, WAGGLED, WAGONER, WAILERS, WAISTED, WAISTER, WAITERS, WAITING, WAIVING, WAKEFUL, WALKERS, WALKING, WALKMAN, WALKOFF, WALLABY, WALLETS, WALLEYE, WALLING, WALLOON, WALNUTS, WALTZED, WALTZER, WANDERS, WANNABE, WARBLED, WARBLER, WARDENS, WARDERS, WARFARE, WARIEST, WARMERS, WARMEST, WARMING, WARMISH, WARMUPS, WARPAGE, WARPING, WARTHOG, WARWORK, WASHING, WASHBAG, WASHRAG, WASHTAG, WASPIER, WASTAGE, WASTIER, WASTING, WATCHER, WATCHES, WAVIEST, WAXWORK, WAYBILL, WAYLAID, WAYSIDE, WAYWARD, WAYWORN, WEAKENS, WEANING, WEARERS, WEARIED, WEARIER, WEARILY, WEASELY, WEATHER, WEAVERS, WEBBING, WEBCAST, WEBFOOT, WEBSITE, WEDDING, WEDGIER, WEEDERS, WEEDING, WEEKDAY, WEEKEND, WEEPERS, WEEPIER, WEEPING, WEIGHED, WEIGHER, WEIGHTS, WEIRDLY, WELCHER, WELFARE, WELSHER, WELTING, WENCHES, WENNISH,  WERGELT, WERWOLF, WESTERN, WESTING, WETLAND, WETNESS, WETSUIT, WETTEST, WETTING, WETTISH, WHALERS, WHAMMED, WHAPPER, WHARVES, WHATNOT, WHEATEN, WHEEDLE, WHEELED, WHEELER, WHEELIE, WHEEZED, WHELPED, WHEREAT, WHEREIN, WHEREON, WHERETO, WHETHER, WHETTED, WHICKER, WHIFFER, WHIFFLE, WHIMPER, WHIMSEY, WHINERS, WHIRLED, WHIRLER, WHISHES, WHISKER, WHISTED, WHISTLE, WHITENS, WHITEST, WHITING, WHITISH, WHITMAN, WHITTLE, WHOEVER, WHOLELY, WHOPPED, WHOPPER, WHORLED, WICKING, WICKIUP, WICKYUP, WIDENED, WIDGEON, WIDGETS, WIDOWED, WIELDED, WIELDER, WIFEDOM, WIGGLED, WIGGLER, WILDCAT, WILDEST, WILLFUL, WILLIED, WILLING, WILLOWS, WILTING, WINCHER, WINCING, WINDAGE, WINDBAG, WINDERS, WINDILY, WINGERS, WINGIER, WINGLET, WINGMAN, WINGTIP, WINKLED, WINNERS, WINSLOW, WINSOME, WINTERS, WIRABLE, WIREWAY, WISDOMS, WISEGUY, WISHERS, WISHING, WISPIER, WISPISH, WISTFUL, WISTING, WITCHES, WITHERS, WITHIER, WITHING, WITLING, WITNESS, WITTER, WITTILY, WOFULLY, WOLFING, WOMANED, WOMANLY, WONTING, WOODBOX, WOODCUT, WOODHEN, WOODIER, WOODING, WOODMEN, WOOFING, WOOLLEN, WOOLMAN, WOOLMEN, WOOMERA, WOOZIER, WOOZILY, WORDAGE, WORDIER, WORDILY, WORKBOX, WORKDAY, WORKERS, WORKMAN, WORKMEN, WORKOUT, WORKUPS, WORMING, WORMISH, WORNOUT, WORRIED, WORRIER, WORSENS, WORSHIP, WOULDST, WRACKED, WRAPPED, WRAPPER, WRASTLE, WRATHED, WREAKED, WREAKER, WREATHE, WREATHS, WREATHY, WRECKED, WRECKER, WRESTED, WRESTER, WRESTLE, WRIGGLE, WRINGED, WRITERS, WRITHED, WRITHES, WRITTEN, WRONGED, WRONGER, WRYNECK, 

XANTHIC, XANTHIN, XYLITOL, 

YACHTED, YACHTER, YACKING, YAKKING, YAMMERS, YANKING, YAPPERS, YAPPING, YARDAGE, YARDARM, YARDING, YARDMAN, YARNING, YASHMAC, YASHMAK, YAWNING, YAWPING, YCLEPED, YEAREND, YEARNED, YEARNER, YEASTED, YEGGMAN, YEGGMEN, YELLERS, YELLING, YELLOWY, YELPERS, YELPING, YESHIVA, YESSING, YIELDED, YIELDER, YODELED, YOGHURT, YOGURTS, YOLKIER, YOUNGER, YOUTHEN, YOWLING, YUKKING, YUMMIER, 

ZAGGING, ZANYISH, ZEALOTS, ZEALOUS, ZEBRAIC, ZEBRINE, ZEBROID, ZENITHS, ZENLIKE, ZEOLITE, ZEROING, ZESTFUL, ZESTIER, ZESTING, ZIGGING, ZIGZAGS, ZIKURAT, ZILLION, ZINCATE, ZINCITE, ZINCKED, ZINCOID, ZINGIER, ZINGING, ZINKIFY, ZIPLOCK, ZIPPERS, ZIPPIER, ZIPPING, ZITHERN, ZIZZLED, ZODIACS, ZOMBIES, ZONALLY, ZONATED, ZOOLOGY, ZYGOTES,






